variant,seed,epoch,lr_used,train_bce_eval,val_bce_eval,val_accuracy,grad_norm
baseline,7001,1,0.01,0.6794271469116211,0.6810355186462402,0.62890625,1.0733769225283676
baseline,7001,2,0.01,0.6057749390602112,0.6095340251922607,0.67578125,0.8997196629414993
baseline,7001,3,0.01,0.5477449893951416,0.5459339022636414,0.70703125,0.7522501492010286
baseline,7001,4,0.01,0.5010645985603333,0.4893651604652405,0.78125,0.6372148542545126
baseline,7001,5,0.01,0.4641280174255371,0.43975406885147095,0.859375,0.5254023953452365
baseline,7001,6,0.01,0.43437010049819946,0.39717528223991394,0.91796875,0.42363256566140284
baseline,7001,7,0.01,0.4107866883277893,0.36118727922439575,0.9375,0.3411646156067472
baseline,7001,8,0.01,0.39205190539360046,0.3309827446937561,0.9375,0.28184787535531686
baseline,7001,9,0.01,0.37734338641166687,0.30589815974235535,0.9375,0.24448722493486025
baseline,7001,10,0.01,0.3652728199958801,0.2847078740596771,0.94140625,0.21930186769581755
baseline,7001,11,0.01,0.3551707863807678,0.2669665515422821,0.9453125,0.20757251256013995
baseline,7001,12,0.01,0.34620335698127747,0.2519341707229614,0.9453125,0.19798110292338597
baseline,7001,13,0.01,0.3382507562637329,0.239205464720726,0.9453125,0.17920198725879719
baseline,7001,14,0.01,0.33128106594085693,0.22835120558738708,0.94921875,0.1566676703277128
baseline,7001,15,0.01,0.32563066482543945,0.21919016540050507,0.94921875,0.13149328519375236
baseline,7001,16,0.01,0.32121968269348145,0.2114456743001938,0.953125,0.10750979034613559
baseline,7001,17,0.01,0.31808042526245117,0.20478402078151703,0.94921875,0.08911164165100373
baseline,7001,18,0.01,0.3157275319099426,0.19876053929328918,0.9453125,0.08943548672330413
baseline,7001,19,0.01,0.3138246536254883,0.19317902624607086,0.9453125,0.08052611960311125
baseline,7001,20,0.01,0.3122808039188385,0.18790140748023987,0.9453125,0.08136639672536984
baseline,7001,21,0.01,0.3109418749809265,0.182878315448761,0.94140625,0.08674919212221006
baseline,7001,22,0.01,0.30968862771987915,0.178251251578331,0.94140625,0.09120519692939022
baseline,7001,23,0.01,0.3084702789783478,0.17421039938926697,0.94140625,0.08758868999001597
baseline,7001,24,0.01,0.30729907751083374,0.17083674669265747,0.9453125,0.08098995349238437
baseline,7001,25,0.01,0.30615830421447754,0.1681794375181198,0.9453125,0.07480529422769183
baseline,7001,26,0.01,0.3051122725009918,0.1662408858537674,0.9453125,0.06598129630186664
baseline,7001,27,0.01,0.3041742742061615,0.16498002409934998,0.9453125,0.05478162566866087
baseline,7001,28,0.01,0.30335700511932373,0.16422106325626373,0.9453125,0.05995729121605232
baseline,7001,29,0.01,0.3025016188621521,0.1636648178100586,0.9453125,0.06323822166306928
baseline,7001,30,0.01,0.30129843950271606,0.1631249189376831,0.9453125,0.07610099210977717
baseline,7001,31,0.01,0.29977476596832275,0.16249288618564606,0.9453125,0.09031567437349498
baseline,7001,32,0.01,0.2982390224933624,0.16191112995147705,0.9453125,0.08775748688427018
baseline,7001,33,0.01,0.2967572510242462,0.16166219115257263,0.94921875,0.07224521049349472
baseline,7001,34,0.01,0.2953243851661682,0.1618472784757614,0.94921875,0.06655877931591779
baseline,7001,35,0.01,0.2939701974391937,0.16259925067424774,0.9453125,0.06134336972454715
baseline,7001,36,0.01,0.2924683392047882,0.1639193296432495,0.9453125,0.05728416581305715
baseline,7001,37,0.01,0.29106512665748596,0.16567997634410858,0.9453125,0.06776305810816313
baseline,7001,38,0.01,0.2899038791656494,0.16763046383857727,0.9453125,0.04905015735998921
baseline,7001,39,0.01,0.2886260151863098,0.1696195751428604,0.94921875,0.04264344336202666
baseline,7001,40,0.01,0.28722935914993286,0.17116248607635498,0.94921875,0.0661390942125579
baseline,7001,41,0.01,0.2862527072429657,0.17216160893440247,0.94921875,0.05331340467384552
baseline,7001,42,0.01,0.28567296266555786,0.17276424169540405,0.94921875,0.03816000620391679
baseline,7001,43,0.01,0.2851104736328125,0.17307136952877045,0.94921875,0.039937400695352315
baseline,7001,44,0.01,0.2846394181251526,0.17328494787216187,0.953125,0.04112484297673544
baseline,7001,45,0.01,0.28415316343307495,0.17355525493621826,0.953125,0.049766065296136267
baseline,7001,46,0.01,0.283563494682312,0.17392949759960175,0.953125,0.049863727794068904
baseline,7001,47,0.01,0.28289636969566345,0.17446015775203705,0.953125,0.04846947158989486
baseline,7001,48,0.01,0.2822231948375702,0.17500822246074677,0.953125,0.047289721980574156
baseline,7001,49,0.01,0.2815600633621216,0.17543981969356537,0.953125,0.043743301416894836
baseline,7001,50,0.01,0.280905544757843,0.17574845254421234,0.953125,0.04310640567048187
baseline,7001,51,0.01,0.2802358567714691,0.1758737415075302,0.953125,0.044162835503876716
baseline,7001,52,0.01,0.27950137853622437,0.1758202165365219,0.953125,0.043682106612873244
baseline,7001,53,0.01,0.278712660074234,0.1757364273071289,0.953125,0.04338493565438641
baseline,7001,54,0.01,0.2780503034591675,0.17570191621780396,0.953125,0.03290136769650484
baseline,7001,55,0.01,0.27749186754226685,0.17583094537258148,0.953125,0.028092113276263417
baseline,7001,56,0.01,0.2769533693790436,0.17612800002098083,0.953125,0.027158858509758514
baseline,7001,57,0.01,0.2764352262020111,0.1764746904373169,0.94921875,0.025455518728498813
baseline,7001,58,0.01,0.2759324312210083,0.1767055243253708,0.94921875,0.024985899704132307
baseline,7001,59,0.01,0.2754501700401306,0.17664925754070282,0.9453125,0.025992834636448674
baseline,7001,60,0.01,0.2749890089035034,0.17621555924415588,0.94140625,0.03325682130403579
baseline,7001,61,0.01,0.2745181918144226,0.1755027025938034,0.94140625,0.0332324566489411
baseline,7001,62,0.01,0.274023175239563,0.17469662427902222,0.9453125,0.035405330760295124
baseline,7001,63,0.01,0.2735181748867035,0.17399992048740387,0.94921875,0.0350108016747304
baseline,7001,64,0.01,0.2729138731956482,0.17357303202152252,0.94921875,0.042167275586853
baseline,7001,65,0.01,0.27230706810951233,0.17344453930854797,0.94921875,0.04123302704420193
baseline,7001,66,0.01,0.2717418670654297,0.17353451251983643,0.953125,0.030888723764987847
baseline,7001,67,0.01,0.2711908221244812,0.17364150285720825,0.953125,0.0309314699261771
baseline,7001,68,0.01,0.2706206738948822,0.17365604639053345,0.953125,0.027267559070131064
baseline,7001,69,0.01,0.27005431056022644,0.17363281548023224,0.94921875,0.026046581866937864
baseline,7001,70,0.01,0.2694909870624542,0.173675075173378,0.94921875,0.02568274663192869
baseline,7001,71,0.01,0.26894301176071167,0.17388451099395752,0.94921875,0.02518631945135102
baseline,7001,72,0.01,0.2683906555175781,0.17428089678287506,0.94921875,0.025269751611121806
baseline,7001,73,0.01,0.2678258717060089,0.1746979057788849,0.94921875,0.025786917780828925
baseline,7001,74,0.01,0.26727521419525146,0.17495271563529968,0.953125,0.02625300566435409
baseline,7001,75,0.01,0.2667531669139862,0.1748565286397934,0.953125,0.025869120522318826
baseline,7001,76,0.01,0.26622945070266724,0.17440561950206757,0.953125,0.025853305657775896
baseline,7001,77,0.01,0.2657126784324646,0.17373207211494446,0.953125,0.025334464280638624
baseline,7001,78,0.01,0.2651979327201843,0.17311955988407135,0.953125,0.02484477796055398
baseline,7001,79,0.01,0.2646743357181549,0.1727132350206375,0.953125,0.024572030657051207
baseline,7001,80,0.01,0.2642519176006317,0.17246276140213013,0.95703125,0.02423805640392799
baseline,7001,81,0.01,0.2638508677482605,0.1723434329032898,0.95703125,0.022727074002142297
baseline,7001,82,0.01,0.2634512782096863,0.1722084879875183,0.95703125,0.022488095252214645
baseline,7001,83,0.01,0.2630440592765808,0.1720152646303177,0.95703125,0.02426372270619972
baseline,7001,84,0.01,0.26262882351875305,0.1717911958694458,0.95703125,0.024618276131131392
baseline,7001,85,0.01,0.2622028589248657,0.17165756225585938,0.95703125,0.024331686439310975
baseline,7001,86,0.01,0.2617705762386322,0.17175400257110596,0.95703125,0.024617065875206522
baseline,7001,87,0.01,0.2613372206687927,0.17194722592830658,0.95703125,0.025155186919500486
baseline,7001,88,0.01,0.2608843147754669,0.1720777004957199,0.95703125,0.02510775035040307
baseline,7001,89,0.01,0.2604159116744995,0.17201247811317444,0.95703125,0.024470553030454544
baseline,7001,90,0.01,0.25994426012039185,0.17178033292293549,0.95703125,0.024545839202985864
baseline,7001,91,0.01,0.2594854533672333,0.17154282331466675,0.95703125,0.023081584886729033
baseline,7001,92,0.01,0.2589927017688751,0.17154254019260406,0.95703125,0.025066538018717364
baseline,7001,93,0.01,0.2584940195083618,0.17179042100906372,0.95703125,0.02482820376705736
baseline,7001,94,0.01,0.2580293118953705,0.17209450900554657,0.95703125,0.02517673213228948
baseline,7001,95,0.01,0.25755953788757324,0.17218530178070068,0.95703125,0.024234194758443493
baseline,7001,96,0.01,0.25707167387008667,0.1720244288444519,0.95703125,0.025404406660687218
baseline,7001,97,0.01,0.25657638907432556,0.17169073224067688,0.95703125,0.025400450808604758
baseline,7001,98,0.01,0.25610753893852234,0.17143675684928894,0.95703125,0.024816298207173952
baseline,7001,99,0.01,0.25568705797195435,0.17134828865528107,0.9609375,0.026214635110196578
baseline,7001,100,0.01,0.2552919089794159,0.1714668869972229,0.9609375,0.025732607162284548
baseline,7001,101,0.01,0.2548712491989136,0.1717187762260437,0.9609375,0.0246703129420183
baseline,7001,102,0.01,0.25442981719970703,0.17209631204605103,0.9609375,0.024860053607567097
baseline,7001,103,0.01,0.25398269295692444,0.17261677980422974,0.9609375,0.02585071081765843
baseline,7001,104,0.01,0.25352951884269714,0.1733609139919281,0.9609375,0.027532810275273562
baseline,7001,105,0.01,0.2530427873134613,0.17405521869659424,0.95703125,0.030238671123429626
baseline,7001,106,0.01,0.2525569200515747,0.1742408573627472,0.95703125,0.031148160905923813
baseline,7001,107,0.01,0.25205036997795105,0.1739962249994278,0.95703125,0.029133525610371275
baseline,7001,108,0.01,0.2514871656894684,0.17378628253936768,0.95703125,0.02812794851716603
baseline,7001,109,0.01,0.25094714760780334,0.17351558804512024,0.95703125,0.027712857552146523
baseline,7001,110,0.01,0.2505568563938141,0.17313361167907715,0.95703125,0.026138986254648344
baseline,7001,111,0.01,0.25016629695892334,0.17249885201454163,0.95703125,0.02804962401604689
baseline,7001,112,0.01,0.249711811542511,0.1721372902393341,0.95703125,0.02830632734196595
baseline,7001,113,0.01,0.24925731122493744,0.17248806357383728,0.95703125,0.02746639953522409
baseline,7001,114,0.01,0.24871939420700073,0.17346931993961334,0.95703125,0.0288566267471612
baseline,7001,115,0.01,0.2479742169380188,0.17433765530586243,0.94921875,0.03272956712797261
baseline,7001,116,0.01,0.2473638355731964,0.17523695528507233,0.94921875,0.029375120955790507
baseline,7001,117,0.01,0.247181698679924,0.17638272047042847,0.94921875,0.03231826224933315
baseline,7001,118,0.01,0.24677127599716187,0.17706552147865295,0.94921875,0.038091398945179086
baseline,7001,119,0.01,0.24617397785186768,0.17609702050685883,0.953125,0.036310348407976034
baseline,7001,120,0.01,0.245407834649086,0.1740739643573761,0.953125,0.039308443786114304
baseline,7002,1,0.01,0.705508828163147,0.7630715370178223,0.37890625,0.7769871350794826
baseline,7002,2,0.01,0.6471112370491028,0.6908589601516724,0.6484375,0.6251334135519567
baseline,7002,3,0.01,0.5991270542144775,0.6301288604736328,0.6953125,0.53595860666867
baseline,7002,4,0.01,0.5578677654266357,0.5773674249649048,0.734375,0.4922046405863466
baseline,7002,5,0.01,0.5223104357719421,0.5310600996017456,0.734375,0.4492828505331824
baseline,7002,6,0.01,0.49167048931121826,0.4900986850261688,0.73828125,0.397054030563711
baseline,7002,7,0.01,0.46555274724960327,0.45437920093536377,0.74609375,0.34613218716041083
baseline,7002,8,0.01,0.4436645209789276,0.4231153428554535,0.76953125,0.2946499776396019
baseline,7002,9,0.01,0.42552459239959717,0.3956127166748047,0.85546875,0.24888753723215934
baseline,7002,10,0.01,0.41015559434890747,0.37163785099983215,0.89453125,0.21275434915773944
baseline,7002,11,0.01,0.39719653129577637,0.3502219319343567,0.90234375,0.1867773371956393
baseline,7002,12,0.01,0.3861094117164612,0.3307671546936035,0.9296875,0.16434885999906707
baseline,7002,13,0.01,0.3764922618865967,0.31284523010253906,0.9296875,0.14742683417338773
baseline,7002,14,0.01,0.36811208724975586,0.2963453531265259,0.94140625,0.13376773141877088
baseline,7002,15,0.01,0.3610260486602783,0.28134584426879883,0.953125,0.12098172157072803
baseline,7002,16,0.01,0.3548220992088318,0.26777100563049316,0.953125,0.10954264979073132
baseline,7002,17,0.01,0.349428653717041,0.2557814419269562,0.9453125,0.10124436159735326
baseline,7002,18,0.01,0.3448289632797241,0.24534446001052856,0.9453125,0.09030124407703552
baseline,7002,19,0.01,0.341033935546875,0.23621328175067902,0.953125,0.08173046307712638
baseline,7002,20,0.01,0.337859183549881,0.22824063897132874,0.953125,0.07666345440159586
baseline,7002,21,0.01,0.33507657051086426,0.22123481333255768,0.953125,0.07424512877396247
baseline,7002,22,0.01,0.332653284072876,0.21518638730049133,0.953125,0.07031799720117522
baseline,7002,23,0.01,0.3304038941860199,0.21001386642456055,0.953125,0.06845556935182656
baseline,7002,24,0.01,0.3282405734062195,0.20559050142765045,0.953125,0.06651257139341706
baseline,7002,25,0.01,0.32619908452033997,0.2016664296388626,0.953125,0.06341640302114987
baseline,7002,26,0.01,0.3243756592273712,0.19822537899017334,0.953125,0.059078239644863174
baseline,7002,27,0.01,0.32263046503067017,0.1953769326210022,0.953125,0.059227006499580355
baseline,7002,28,0.01,0.32088273763656616,0.19287052750587463,0.953125,0.054035932171854595
baseline,7002,29,0.01,0.31920304894447327,0.19063207507133484,0.953125,0.05007368744105784
baseline,7002,30,0.01,0.31762218475341797,0.18857933580875397,0.94921875,0.04664246427264784
baseline,7002,31,0.01,0.31608113646507263,0.18667840957641602,0.94921875,0.04543488529463668
baseline,7002,32,0.01,0.31456491351127625,0.1848810613155365,0.9453125,0.04711049795629625
baseline,7002,33,0.01,0.3131052851676941,0.18328355252742767,0.9453125,0.05210324963100741
baseline,7002,34,0.01,0.3117741644382477,0.1817426234483719,0.9453125,0.045581224801556394
baseline,7002,35,0.01,0.3103969693183899,0.18040499091148376,0.9453125,0.04665620493622797
baseline,7002,36,0.01,0.30898579955101013,0.17920534312725067,0.94921875,0.04641463886873521
baseline,7002,37,0.01,0.3076685667037964,0.17820650339126587,0.953125,0.04521011060904405
baseline,7002,38,0.01,0.306346595287323,0.17755138874053955,0.94921875,0.04590917334225216
baseline,7002,39,0.01,0.30509239435195923,0.1772674173116684,0.94921875,0.048405981474638385
baseline,7002,40,0.01,0.3039962947368622,0.17714382708072662,0.94921875,0.035961055353676406
baseline,7002,41,0.01,0.3028981685638428,0.17700569331645966,0.94921875,0.0387316797344309
baseline,7002,42,0.01,0.3018300533294678,0.17693133652210236,0.94921875,0.03637683302970099
baseline,7002,43,0.01,0.3007518947124481,0.1768447458744049,0.94921875,0.03560095435906944
baseline,7002,44,0.01,0.2996463477611542,0.17664997279644012,0.94921875,0.036803392652900536
baseline,7002,45,0.01,0.29853183031082153,0.17630574107170105,0.94921875,0.03613790309197743
baseline,7002,46,0.01,0.2975398302078247,0.17583012580871582,0.94921875,0.037349121019836125
baseline,7002,47,0.01,0.29664361476898193,0.17543438076972961,0.9453125,0.03685443866695586
baseline,7002,48,0.01,0.29565584659576416,0.17530383169651031,0.9453125,0.04353024734646153
baseline,7002,49,0.01,0.2946864068508148,0.17534489929676056,0.9453125,0.03841809841460363
baseline,7002,50,0.01,0.29368066787719727,0.17540502548217773,0.9453125,0.03931342474908821
baseline,7002,51,0.01,0.2927941381931305,0.17552539706230164,0.9453125,0.03768862575625596
baseline,7002,52,0.01,0.29212674498558044,0.17560620605945587,0.9453125,0.03487006088993444
baseline,7002,53,0.01,0.29139092564582825,0.17581437528133392,0.9453125,0.04071273641013699
baseline,7002,54,0.01,0.2905537486076355,0.17609846591949463,0.94921875,0.04022824439662766
baseline,7002,55,0.01,0.28986942768096924,0.17632414400577545,0.94921875,0.029176082301608525
baseline,7002,56,0.01,0.2891712486743927,0.1764903962612152,0.95703125,0.028585258116371838
baseline,7002,57,0.01,0.2884112596511841,0.17643195390701294,0.95703125,0.03567498469188895
baseline,7002,58,0.01,0.2876206338405609,0.17621640861034393,0.95703125,0.033602569007179464
baseline,7002,59,0.01,0.2869829535484314,0.17586977779865265,0.953125,0.033326687068541534
baseline,7002,60,0.01,0.2863328158855438,0.17550382018089294,0.953125,0.03622704283453737
baseline,7002,61,0.01,0.28551608324050903,0.17525973916053772,0.953125,0.048165561583183955
baseline,7002,62,0.01,0.2848028540611267,0.17501023411750793,0.953125,0.035065693011208446
baseline,7002,63,0.01,0.28398287296295166,0.17462223768234253,0.953125,0.03972332644930957
baseline,7002,64,0.01,0.2832311689853668,0.1740480363368988,0.95703125,0.03949589325978223
baseline,7002,65,0.01,0.2825709879398346,0.17340099811553955,0.95703125,0.03693846813763069
baseline,7002,66,0.01,0.2817543148994446,0.1727142184972763,0.95703125,0.04399391390845788
baseline,7002,67,0.01,0.2810438871383667,0.17195850610733032,0.9609375,0.037881515594933066
baseline,7002,68,0.01,0.2802058756351471,0.17110340297222137,0.9609375,0.03961350033943328
baseline,7002,69,0.01,0.2794438600540161,0.17034479975700378,0.9609375,0.03914160381857565
baseline,7002,70,0.01,0.2786780595779419,0.16979970037937164,0.9609375,0.0360731325864659
baseline,7002,71,0.01,0.2779330015182495,0.16945631802082062,0.9609375,0.03879627922592973
baseline,7002,72,0.01,0.2771131992340088,0.1692315638065338,0.9609375,0.03698231408471415
baseline,7002,73,0.01,0.2762267291545868,0.16902120411396027,0.9609375,0.03393818346236307
baseline,7002,74,0.01,0.27537837624549866,0.16869905591011047,0.9609375,0.040929812188191035
baseline,7002,75,0.01,0.27448952198028564,0.1685813069343567,0.9609375,0.052987570469682325
baseline,7002,76,0.01,0.2736547887325287,0.16846904158592224,0.9609375,0.041384668193077075
baseline,7002,77,0.01,0.2727638781070709,0.1682129055261612,0.9609375,0.04167757410559462
baseline,7002,78,0.01,0.27179110050201416,0.1676778793334961,0.9609375,0.04185384708466371
baseline,7002,79,0.01,0.27076995372772217,0.1669122874736786,0.9609375,0.04072220713965743
baseline,7002,80,0.01,0.27006077766418457,0.1660473495721817,0.9609375,0.03669137611166848
baseline,7002,81,0.01,0.26926785707473755,0.16537459194660187,0.9609375,0.041484577950977555
baseline,7002,82,0.01,0.2683796286582947,0.16492366790771484,0.9609375,0.04149371285325545
baseline,7002,83,0.01,0.2675878703594208,0.16480006277561188,0.9609375,0.05042015303250857
baseline,7002,84,0.01,0.26692453026771545,0.1646055430173874,0.9609375,0.037981964252102436
baseline,7002,85,0.01,0.2661626935005188,0.16426749527454376,0.9609375,0.039442438206209615
baseline,7002,86,0.01,0.26547467708587646,0.16377417743206024,0.96484375,0.039153390327949684
baseline,7002,87,0.01,0.26482445001602173,0.16338005661964417,0.96484375,0.03910531292492193
baseline,7002,88,0.01,0.26428645849227905,0.16314531862735748,0.9609375,0.035069642946515864
baseline,7002,89,0.01,0.2633087635040283,0.1632423847913742,0.96484375,0.06758696218460446
baseline,7002,90,0.01,0.2628406882286072,0.16341103613376617,0.96484375,0.04921936180343202
baseline,7002,91,0.01,0.2623524069786072,0.16325359046459198,0.96484375,0.03953738266698101
baseline,7002,92,0.01,0.26169076561927795,0.16277997195720673,0.96484375,0.04192367229682382
baseline,7002,93,0.01,0.2608916163444519,0.1620044708251953,0.96484375,0.042640523791089825
baseline,7002,94,0.01,0.25997695326805115,0.16101312637329102,0.96875,0.041652260647523566
baseline,7002,95,0.01,0.2595779299736023,0.16006428003311157,0.96875,0.03868304063178472
baseline,7002,96,0.01,0.2590859830379486,0.15922674536705017,0.96875,0.04064037747271616
baseline,7002,97,0.01,0.25831139087677,0.15856242179870605,0.96875,0.05437524425759364
baseline,7002,98,0.01,0.25753164291381836,0.15778619050979614,0.96875,0.04120107565988846
baseline,7002,99,0.01,0.2570743262767792,0.15704035758972168,0.96875,0.041040825676712196
baseline,7002,100,0.01,0.25657525658607483,0.1565990149974823,0.96875,0.042968766319639105
baseline,7002,101,0.01,0.2558779716491699,0.15655024349689484,0.96875,0.04294207817898959
baseline,7002,102,0.01,0.25513705611228943,0.15659493207931519,0.96875,0.041413073770743235
baseline,7002,103,0.01,0.2545216381549835,0.15661638975143433,0.96484375,0.03969655491257752
baseline,7002,104,0.01,0.25414347648620605,0.15670622885227203,0.96484375,0.0373543550050401
baseline,7002,105,0.01,0.2533856928348541,0.15676338970661163,0.96484375,0.06086020990536644
baseline,7002,106,0.01,0.2526002824306488,0.15664158761501312,0.96875,0.060514664575939243
baseline,7002,107,0.01,0.25215601921081543,0.1563735157251358,0.96875,0.0409657383922399
baseline,7002,108,0.01,0.2515590190887451,0.15631544589996338,0.96875,0.042774146464508375
baseline,7002,109,0.01,0.25080087780952454,0.15639206767082214,0.96875,0.043484616614076786
baseline,7002,110,0.01,0.2503124475479126,0.15646196901798248,0.96875,0.04132672086693688
baseline,7002,111,0.01,0.24975454807281494,0.15616866946220398,0.97265625,0.042512384801297064
baseline,7002,112,0.01,0.24908514320850372,0.15545868873596191,0.97265625,0.04571444937388223
baseline,7002,113,0.01,0.2485552430152893,0.15451574325561523,0.97265625,0.04436037260910379
baseline,7002,114,0.01,0.24801598489284515,0.15399691462516785,0.97265625,0.04267492609494353
baseline,7002,115,0.01,0.24729682505130768,0.1539255678653717,0.97265625,0.0425444996557116
baseline,7002,116,0.01,0.2466527223587036,0.15409046411514282,0.97265625,0.04260984988215425
baseline,7002,117,0.01,0.246161550283432,0.15398529171943665,0.97265625,0.044223716532756134
baseline,7002,118,0.01,0.24567753076553345,0.15363851189613342,0.96875,0.04597569445792904
baseline,7002,119,0.01,0.24505043029785156,0.15372931957244873,0.96875,0.03998705905314675
baseline,7002,120,0.01,0.24442094564437866,0.15437722206115723,0.96875,0.04083819533123217
baseline,7003,1,0.01,0.5161089301109314,0.5175907611846924,0.71484375,0.5624591206971568
baseline,7003,2,0.01,0.4804384708404541,0.48205018043518066,0.7265625,0.41409769856108775
baseline,7003,3,0.01,0.45530933141708374,0.4558400511741638,0.74609375,0.3011758715151659
baseline,7003,4,0.01,0.43742579221725464,0.43597230315208435,0.7578125,0.2256998239367332
baseline,7003,5,0.01,0.4245074689388275,0.4205743670463562,0.76953125,0.16729291494551995
baseline,7003,6,0.01,0.4147448241710663,0.4077230989933014,0.7734375,0.13944692093675293
baseline,7003,7,0.01,0.40688684582710266,0.3960709869861603,0.7890625,0.130815324423755
baseline,7003,8,0.01,0.39995160698890686,0.38513636589050293,0.8046875,0.13037262607707092
baseline,7003,9,0.01,0.39310768246650696,0.37413185834884644,0.828125,0.1357900459615601
baseline,7003,10,0.01,0.38612228631973267,0.3625934422016144,0.84765625,0.13860233960907262
baseline,7003,11,0.01,0.37895023822784424,0.3502861261367798,0.85546875,0.13617986804099866
baseline,7003,12,0.01,0.37171077728271484,0.3373851776123047,0.859375,0.12914117382933415
baseline,7003,13,0.01,0.36467403173446655,0.3241625428199768,0.87890625,0.12123760058205443
baseline,7003,14,0.01,0.35804739594459534,0.31081435084342957,0.88671875,0.11029107437251456
baseline,7003,15,0.01,0.35192298889160156,0.29750603437423706,0.890625,0.10166922221036008
baseline,7003,16,0.01,0.34645789861679077,0.2845201790332794,0.9140625,0.09311189197283501
baseline,7003,17,0.01,0.34168556332588196,0.2722925841808319,0.92578125,0.0846640498395314
baseline,7003,18,0.01,0.33755406737327576,0.26109182834625244,0.921875,0.07870652147801101
baseline,7003,19,0.01,0.3340616822242737,0.25104039907455444,0.93359375,0.07717747451660072
baseline,7003,20,0.01,0.3310345411300659,0.24210883677005768,0.9375,0.07997621073852727
baseline,7003,21,0.01,0.327928364276886,0.23402409255504608,0.9375,0.08498016846209787
baseline,7003,22,0.01,0.324770987033844,0.22661520540714264,0.9375,0.09373872442039781
baseline,7003,23,0.01,0.32163307070732117,0.2198251485824585,0.9453125,0.0958546490718004
baseline,7003,24,0.01,0.3185761570930481,0.21384257078170776,0.9453125,0.08869906602124929
baseline,7003,25,0.01,0.31559914350509644,0.20887082815170288,0.9375,0.08046216027394261
baseline,7003,26,0.01,0.3126397430896759,0.2049988955259323,0.93359375,0.07705811608152217
baseline,7003,27,0.01,0.3101167678833008,0.20223049819469452,0.9375,0.06716037851798214
baseline,7003,28,0.01,0.3081539571285248,0.2002156674861908,0.9375,0.05649794181056723
baseline,7003,29,0.01,0.30661487579345703,0.19852633774280548,0.93359375,0.055251038211263565
baseline,7003,30,0.01,0.30537325143814087,0.19680139422416687,0.93359375,0.060576290632862295
baseline,7003,31,0.01,0.30412644147872925,0.19484880566596985,0.9375,0.0613858276055438
baseline,7003,32,0.01,0.3027009665966034,0.19258052110671997,0.93359375,0.06210043300824679
baseline,7003,33,0.01,0.30125367641448975,0.19021978974342346,0.94140625,0.057716184377530566
baseline,7003,34,0.01,0.2999374270439148,0.18806934356689453,0.94140625,0.05011976636129271
baseline,7003,35,0.01,0.29875171184539795,0.18637606501579285,0.94140625,0.04668867928303749
baseline,7003,36,0.01,0.2976126968860626,0.18513041734695435,0.94140625,0.04881146914303447
baseline,7003,37,0.01,0.29645010828971863,0.18432238698005676,0.94140625,0.04967547016622907
baseline,7003,38,0.01,0.2951740324497223,0.18384616076946259,0.94140625,0.05227893051672218
baseline,7003,39,0.01,0.2938324809074402,0.18365824222564697,0.94140625,0.04909100073604327
baseline,7003,40,0.01,0.29250529408454895,0.18364635109901428,0.94140625,0.04324433925080515
baseline,7003,41,0.01,0.29125508666038513,0.183757483959198,0.93359375,0.03818259157290048
baseline,7003,42,0.01,0.29014742374420166,0.18382027745246887,0.9375,0.03688512778132778
baseline,7003,43,0.01,0.2891377806663513,0.18378573656082153,0.9375,0.03651380735404183
baseline,7003,44,0.01,0.2881021797657013,0.18355347216129303,0.94140625,0.038840331947401115
baseline,7003,45,0.01,0.28699883818626404,0.18310345709323883,0.9453125,0.039822665936441286
baseline,7003,46,0.01,0.28603217005729675,0.18250925838947296,0.94140625,0.03796268082571192
baseline,7003,47,0.01,0.28509268164634705,0.18180161714553833,0.94140625,0.03592602194155198
baseline,7003,48,0.01,0.2841131389141083,0.18105536699295044,0.94140625,0.04252512703954663
baseline,7003,49,0.01,0.28304553031921387,0.18050700426101685,0.9453125,0.042664843399348236
baseline,7003,50,0.01,0.281998872756958,0.18029356002807617,0.94921875,0.0449751625709524
baseline,7003,51,0.01,0.28100958466529846,0.18039825558662415,0.94921875,0.040331205424556094
baseline,7003,52,0.01,0.2802448272705078,0.18090158700942993,0.94921875,0.04221673636049474
baseline,7003,53,0.01,0.27943816781044006,0.18170008063316345,0.94921875,0.03971966190539991
baseline,7003,54,0.01,0.27862420678138733,0.18253104388713837,0.94921875,0.038175461895417664
baseline,7003,55,0.01,0.2777458727359772,0.18313750624656677,0.94921875,0.04006401448808362
baseline,7003,56,0.01,0.27683159708976746,0.18329894542694092,0.94921875,0.043059700938696
baseline,7003,57,0.01,0.2759338319301605,0.18278026580810547,0.94921875,0.042899961384880995
baseline,7003,58,0.01,0.27487874031066895,0.18162418901920319,0.94921875,0.05434649189544141
baseline,7003,59,0.01,0.2739201486110687,0.18022729456424713,0.94921875,0.04799601842331828
baseline,7003,60,0.01,0.2734973430633545,0.17922648787498474,0.953125,0.03394091549148326
baseline,7003,61,0.01,0.2729661166667938,0.1789291799068451,0.95703125,0.050053256861383975
baseline,7003,62,0.01,0.27230319380760193,0.17929324507713318,0.953125,0.05074127322484794
baseline,7003,63,0.01,0.27158433198928833,0.1799694299697876,0.94921875,0.04170837954734458
baseline,7003,64,0.01,0.2708653509616852,0.18057899177074432,0.94921875,0.03812471097828737
baseline,7003,65,0.01,0.270154744386673,0.18058481812477112,0.9453125,0.04114499636624648
baseline,7003,66,0.01,0.26950719952583313,0.1798425018787384,0.9453125,0.04219426928554624
baseline,7003,67,0.01,0.2687906324863434,0.17867732048034668,0.94921875,0.0402300063915816
baseline,7003,68,0.01,0.26805010437965393,0.1774502992630005,0.94921875,0.03739757808227286
baseline,7003,69,0.01,0.2673981487751007,0.17657490074634552,0.94921875,0.03477712847069801
baseline,7003,70,0.01,0.2668430507183075,0.17607465386390686,0.94921875,0.03877836657271511
baseline,7003,71,0.01,0.26631030440330505,0.1756412535905838,0.94921875,0.03850087436562755
baseline,7003,72,0.01,0.26565998792648315,0.17528854310512543,0.94921875,0.03827989396746308
baseline,7003,73,0.01,0.26489901542663574,0.174932062625885,0.94921875,0.0368391463729194
baseline,7003,74,0.01,0.2643357515335083,0.1745637059211731,0.94921875,0.036164156963656977
baseline,7003,75,0.01,0.26386159658432007,0.17456160485744476,0.94921875,0.035554672283236916
baseline,7003,76,0.01,0.2633408308029175,0.1748286932706833,0.94921875,0.03669090578070029
baseline,7003,77,0.01,0.26264071464538574,0.17448657751083374,0.94921875,0.06440896473013606
baseline,7003,78,0.01,0.26201847195625305,0.17406712472438812,0.94921875,0.03375183347112281
baseline,7003,79,0.01,0.2613702118396759,0.17375537753105164,0.9453125,0.034316289650420634
baseline,7003,80,0.01,0.2607556879520416,0.17332717776298523,0.9453125,0.033532325651585565
baseline,7003,81,0.01,0.26024094223976135,0.17307615280151367,0.9453125,0.033713741126918696
baseline,7003,82,0.01,0.2598518133163452,0.17299073934555054,0.94140625,0.04061467547476344
baseline,7003,83,0.01,0.2592438757419586,0.17262837290763855,0.94921875,0.06779539007323372
baseline,7003,84,0.01,0.25859686732292175,0.17269736528396606,0.953125,0.040273269215061025
baseline,7003,85,0.01,0.2580917775630951,0.17303617298603058,0.953125,0.042942611691662434
baseline,7003,86,0.01,0.2574715316295624,0.1739012897014618,0.94140625,0.04642603384390274
baseline,7003,87,0.01,0.25699201226234436,0.1747598946094513,0.94140625,0.04240952287435718
baseline,7003,88,0.01,0.2564464509487152,0.17493854463100433,0.94140625,0.03687854761418114
baseline,7003,89,0.01,0.2557547092437744,0.174308180809021,0.94140625,0.03830165382379259
baseline,7003,90,0.01,0.255255788564682,0.17326097190380096,0.94140625,0.03523836801743868
baseline,7003,91,0.01,0.2547265887260437,0.17248116433620453,0.94140625,0.03774706983095343
baseline,7003,92,0.01,0.25417259335517883,0.17183879017829895,0.94140625,0.04150417233896333
baseline,7003,93,0.01,0.2536189556121826,0.17138069868087769,0.94921875,0.05520245147052353
baseline,7003,94,0.01,0.253145694732666,0.1716124415397644,0.94921875,0.04150273065550938
baseline,7003,95,0.01,0.25260499119758606,0.17249299585819244,0.94921875,0.03987802364160595
baseline,7003,96,0.01,0.2520294785499573,0.17342427372932434,0.9453125,0.03540013028405707
baseline,7003,97,0.01,0.2516113817691803,0.17382943630218506,0.9453125,0.034427441916051266
baseline,7003,98,0.01,0.2510925829410553,0.17385821044445038,0.9453125,0.040060415757966414
baseline,7003,99,0.01,0.2504328489303589,0.17332197725772858,0.9453125,0.04954294810321909
baseline,7003,100,0.01,0.24990718066692352,0.17261262238025665,0.9453125,0.03434037531564471
baseline,7003,101,0.01,0.2494032084941864,0.17174750566482544,0.94921875,0.03475473247204329
baseline,7003,102,0.01,0.2489372342824936,0.1710667908191681,0.94921875,0.04071298508122376
baseline,7003,103,0.01,0.24835790693759918,0.17102812230587006,0.94921875,0.048226632086136714
baseline,7003,104,0.01,0.24788886308670044,0.17145590484142303,0.9453125,0.040474208811797904
baseline,7003,105,0.01,0.247282475233078,0.1722715049982071,0.9453125,0.041765344439682266
baseline,7003,106,0.01,0.24677084386348724,0.17263059318065643,0.9453125,0.04717570424750437
baseline,7003,107,0.01,0.2462996393442154,0.17283755540847778,0.9453125,0.03584508967311489
baseline,7003,108,0.01,0.24584726989269257,0.1724151074886322,0.94921875,0.03868424233666014
baseline,7003,109,0.01,0.2452547550201416,0.1719418317079544,0.94921875,0.035730188237271365
baseline,7003,110,0.01,0.24465744197368622,0.17172080278396606,0.94921875,0.036279397437831304
baseline,7003,111,0.01,0.24434056878089905,0.17156441509723663,0.94921875,0.04256240340610137
baseline,7003,112,0.01,0.24379906058311462,0.17178374528884888,0.94921875,0.04377995764333963
baseline,7003,113,0.01,0.24323050677776337,0.17232657968997955,0.9453125,0.050670082442336624
baseline,7003,114,0.01,0.2426643967628479,0.17298606038093567,0.9453125,0.04822917600686273
baseline,7003,115,0.01,0.24215273559093475,0.17276109755039215,0.9453125,0.04578092268290463
baseline,7003,116,0.01,0.24161264300346375,0.17236283421516418,0.953125,0.035217106600115386
baseline,7003,117,0.01,0.24106016755104065,0.1717384159564972,0.953125,0.036014869231700074
baseline,7003,118,0.01,0.24034038186073303,0.17160312831401825,0.953125,0.04116619132008013
baseline,7003,119,0.01,0.23990017175674438,0.1718866378068924,0.94921875,0.04885990952338894
baseline,7003,120,0.01,0.23949263989925385,0.171741783618927,0.94921875,0.04126616971761679
sigmoid,7001,1,0.01,0.7086276412010193,0.7071415781974792,0.58203125,0.13750237940064194
sigmoid,7001,2,0.01,0.7037708759307861,0.7100611329078674,0.46875,0.06791330161883292
sigmoid,7001,3,0.01,0.6994189620018005,0.7103742957115173,0.46875,0.06901218021032533
sigmoid,7001,4,0.01,0.6945863962173462,0.7077088356018066,0.46875,0.08152195047403697
sigmoid,7001,5,0.01,0.6895811557769775,0.7032270431518555,0.46875,0.07860383866855172
sigmoid,7001,6,0.01,0.6849080920219421,0.6982028484344482,0.46875,0.06528366304933621
sigmoid,7001,7,0.01,0.680825412273407,0.6936027407646179,0.46875,0.051072537684731245
sigmoid,7001,8,0.01,0.6772582530975342,0.6899913549423218,0.59375,0.04609800833407736
sigmoid,7001,9,0.01,0.6739421486854553,0.6875652074813843,0.66796875,0.05100027099441341
sigmoid,7001,10,0.01,0.6706631183624268,0.686298668384552,0.6953125,0.05651952674657519
sigmoid,7001,11,0.01,0.6673862934112549,0.6860846877098083,0.6953125,0.05696732459523339
sigmoid,7001,12,0.01,0.6642119884490967,0.6867728233337402,0.69921875,0.05193093543776062
sigmoid,7001,13,0.01,0.6612588167190552,0.6881284713745117,0.69921875,0.04399135034224935
sigmoid,7001,14,0.01,0.6585710644721985,0.6897996664047241,0.69921875,0.037353894662234155
sigmoid,7001,15,0.01,0.656097412109375,0.6913589835166931,0.69921875,0.03555353119731648
sigmoid,7001,16,0.01,0.6537390351295471,0.6924228668212891,0.69921875,0.03767351528892389
sigmoid,7001,17,0.01,0.6514225602149963,0.692779541015625,0.69921875,0.03982215459931375
sigmoid,7001,18,0.01,0.6491388082504272,0.6924415230751038,0.69921875,0.03951431302336254
sigmoid,7001,19,0.01,0.6469272971153259,0.6916040182113647,0.69140625,0.036567933656088944
sigmoid,7001,20,0.01,0.6448288559913635,0.6905527114868164,0.68359375,0.032459034546582326
sigmoid,7001,21,0.01,0.6428458094596863,0.6895666122436523,0.67578125,0.02940192647891492
sigmoid,7001,22,0.01,0.6409379243850708,0.688849151134491,0.6640625,0.028701620250245613
sigmoid,7001,23,0.01,0.6390503644943237,0.6884990930557251,0.66015625,0.029468918648573598
sigmoid,7001,24,0.01,0.6371489763259888,0.6885111331939697,0.66015625,0.02990776485450121
sigmoid,7001,25,0.01,0.6352311968803406,0.6887873411178589,0.6640625,0.02915439300602355
sigmoid,7001,26,0.01,0.6333107948303223,0.689146876335144,0.66796875,0.027684805918906145
sigmoid,7001,27,0.01,0.631391704082489,0.6893464922904968,0.66796875,0.0267587238760709
sigmoid,7001,28,0.01,0.6294543743133545,0.6891224980354309,0.66796875,0.027241179425919543
sigmoid,7001,29,0.01,0.6274637579917908,0.6882560849189758,0.66796875,0.0286922496675705
sigmoid,7001,30,0.01,0.6253902316093445,0.6866332292556763,0.66796875,0.0299409939667326
sigmoid,7001,31,0.01,0.6232243180274963,0.6842715740203857,0.671875,0.03021382902851643
sigmoid,7001,32,0.01,0.6209741830825806,0.6813017725944519,0.66796875,0.029593266549163832
sigmoid,7001,33,0.01,0.6186503767967224,0.6779199242591858,0.66796875,0.028844479440945394
sigmoid,7001,34,0.01,0.6162536144256592,0.6743311285972595,0.66796875,0.028816856900478263
sigmoid,7001,35,0.01,0.6137733459472656,0.6707031726837158,0.66796875,0.029730540498547904
sigmoid,7001,36,0.01,0.6111972332000732,0.6671388149261475,0.671875,0.031057964535356128
sigmoid,7001,37,0.01,0.6085212826728821,0.6636670231819153,0.671875,0.03211669739721963
sigmoid,7001,38,0.01,0.6057521104812622,0.6602485179901123,0.671875,0.03261708405124762
sigmoid,7001,39,0.01,0.6028992533683777,0.6567922830581665,0.671875,0.03274866717672385
sigmoid,7001,40,0.01,0.5999665260314941,0.6531818509101868,0.671875,0.032913096442346315
sigmoid,7001,41,0.01,0.5969499349594116,0.6493103504180908,0.671875,0.033365149294212165
sigmoid,7001,42,0.01,0.5938420295715332,0.6451148390769958,0.671875,0.03406120333166062
sigmoid,7001,43,0.01,0.5906389355659485,0.6405970454216003,0.67578125,0.03481687758333533
sigmoid,7001,44,0.01,0.5873424410820007,0.6358221769332886,0.67578125,0.0355439707673433
sigmoid,7001,45,0.01,0.5839568376541138,0.6308968663215637,0.67578125,0.036308514855740395
sigmoid,7001,46,0.01,0.5804845690727234,0.6259384751319885,0.67578125,0.037194503263371835
sigmoid,7001,47,0.01,0.5769249200820923,0.621044397354126,0.67578125,0.03815052267036789
sigmoid,7001,48,0.01,0.5732771158218384,0.6162721514701843,0.6796875,0.0389889163421841
sigmoid,7001,49,0.01,0.5695438385009766,0.6116309762001038,0.6796875,0.03953000088774772
sigmoid,7001,50,0.01,0.5657318830490112,0.6070848107337952,0.6875,0.03974188695350855
sigmoid,7001,51,0.01,0.5618495941162109,0.6025652885437012,0.6953125,0.03975587383155441
sigmoid,7001,52,0.01,0.5579043626785278,0.5979901552200317,0.69921875,0.039759038950792504
sigmoid,7001,53,0.01,0.5539010167121887,0.5932843685150146,0.69921875,0.03986204317746991
sigmoid,7001,54,0.01,0.549843430519104,0.5883999466896057,0.69921875,0.040051486851675
sigmoid,7001,55,0.01,0.5457358956336975,0.5833244323730469,0.69921875,0.0402487711779335
sigmoid,7001,56,0.01,0.5415833592414856,0.5780795216560364,0.703125,0.04039871575572488
sigmoid,7001,57,0.01,0.537389874458313,0.5727081894874573,0.703125,0.04050541393915082
sigmoid,7001,58,0.01,0.5331576466560364,0.5672568082809448,0.703125,0.040604972396871046
sigmoid,7001,59,0.01,0.5288869142532349,0.5617589354515076,0.703125,0.040723794715743875
sigmoid,7001,60,0.01,0.5245773196220398,0.5562254190444946,0.703125,0.04086776716416418
sigmoid,7001,61,0.01,0.5202290415763855,0.5506420135498047,0.703125,0.04104128049549685
sigmoid,7001,62,0.01,0.5158427953720093,0.5449744462966919,0.703125,0.04126121361882849
sigmoid,7001,63,0.01,0.5114195346832275,0.5391783714294434,0.70703125,0.04154466083581465
sigmoid,7001,64,0.01,0.5069600343704224,0.533211886882782,0.7109375,0.04188420416162537
sigmoid,7001,65,0.01,0.5024654865264893,0.527047336101532,0.7109375,0.04224044919322735
sigmoid,7001,66,0.01,0.49793773889541626,0.520679235458374,0.7109375,0.04256301536748546
sigmoid,7001,67,0.01,0.493380069732666,0.5141253471374512,0.7109375,0.04282217592526785
sigmoid,7001,68,0.01,0.4887966513633728,0.5074216723442078,0.7109375,0.04302402147269387
sigmoid,7001,69,0.01,0.4841921627521515,0.5006126761436462,0.7109375,0.043199765882421894
sigmoid,7001,70,0.01,0.4795709252357483,0.49374067783355713,0.7109375,0.04338103788727003
sigmoid,7001,71,0.01,0.4749372601509094,0.4868367612361908,0.7109375,0.043582017730943924
sigmoid,7001,72,0.01,0.47029489278793335,0.4799172878265381,0.71484375,0.0437987451427562
sigmoid,7001,73,0.01,0.46564745903015137,0.4729841649532318,0.71484375,0.044018979972737036
sigmoid,7001,74,0.01,0.4609982669353485,0.46603038907051086,0.71484375,0.04423092939094858
sigmoid,7001,75,0.01,0.45635026693344116,0.4590473175048828,0.71484375,0.044425123272536886
sigmoid,7001,76,0.01,0.45170629024505615,0.4520311653614044,0.71484375,0.04459360409081658
sigmoid,7001,77,0.01,0.4470689594745636,0.4449879825115204,0.71484375,0.04473045600476604
sigmoid,7001,78,0.01,0.44244134426116943,0.4379344582557678,0.7109375,0.044833802315007436
sigmoid,7001,79,0.01,0.4378267228603363,0.4308949112892151,0.7109375,0.044905379111444495
sigmoid,7001,80,0.01,0.43322890996932983,0.42389383912086487,0.7109375,0.044946935166964574
sigmoid,7001,81,0.01,0.42865198850631714,0.4169497489929199,0.73828125,0.044957435159823485
sigmoid,7001,82,0.01,0.42410042881965637,0.4100709855556488,0.76171875,0.044934174781470805
sigmoid,7001,83,0.01,0.41957929730415344,0.4032561182975769,0.7890625,0.044876059654681645
sigmoid,7001,84,0.01,0.4150939881801605,0.3964960277080536,0.82421875,0.04478470614528905
sigmoid,7001,85,0.01,0.4106496572494507,0.3897784948348999,0.8359375,0.04466209034318621
sigmoid,7001,86,0.01,0.4062517583370209,0.38309282064437866,0.84375,0.04450706475270202
sigmoid,7001,87,0.01,0.401905357837677,0.37643349170684814,0.85546875,0.04431441051013545
sigmoid,7001,88,0.01,0.3976152539253235,0.36980199813842773,0.859375,0.044077629255071346
sigmoid,7001,89,0.01,0.3933861255645752,0.3632068932056427,0.87109375,0.04379253086789071
sigmoid,7001,90,0.01,0.38922232389450073,0.3566618263721466,0.8828125,0.04345922032612973
sigmoid,7001,91,0.01,0.3851279318332672,0.35018283128738403,0.890625,0.04308111864885027
sigmoid,7001,92,0.01,0.38110676407814026,0.3437856435775757,0.89453125,0.04266261017307758
sigmoid,7001,93,0.01,0.37716272473335266,0.3374837338924408,0.8984375,0.04220705265297681
sigmoid,7001,94,0.01,0.37329933047294617,0.3312874734401703,0.91015625,0.0417162850313596
sigmoid,7001,95,0.01,0.36952003836631775,0.3252045512199402,0.90625,0.041191072858878304
sigmoid,7001,96,0.01,0.3658280074596405,0.3192412555217743,0.9140625,0.04063182454299799
sigmoid,7001,97,0.01,0.36222589015960693,0.31340324878692627,0.91796875,0.04003936132565842
sigmoid,7001,98,0.01,0.35871589183807373,0.307697057723999,0.921875,0.03941562369489051
sigmoid,7001,99,0.01,0.3552996516227722,0.30212974548339844,0.921875,0.03876414774271695
sigmoid,7001,100,0.01,0.3519783020019531,0.29670897126197815,0.92578125,0.038089944982136324
sigmoid,7001,101,0.01,0.348752498626709,0.2914417088031769,0.92578125,0.03739882200685355
sigmoid,7001,102,0.01,0.3456222414970398,0.2863338887691498,0.9296875,0.03669634199375042
sigmoid,7001,103,0.01,0.34258735179901123,0.2813892364501953,0.9296875,0.0359871272672213
sigmoid,7001,104,0.01,0.3396468162536621,0.27660951018333435,0.9296875,0.035274648077589336
sigmoid,7001,105,0.01,0.33679941296577454,0.27199453115463257,0.9296875,0.03456141232823756
sigmoid,7001,106,0.01,0.3340432941913605,0.26754286885261536,0.9296875,0.03384934155882957
sigmoid,7001,107,0.01,0.3313763737678528,0.2632523477077484,0.9296875,0.03313998719885111
sigmoid,7001,108,0.01,0.32879602909088135,0.2591203451156616,0.93359375,0.03243496609340187
sigmoid,7001,109,0.01,0.32629942893981934,0.25514405965805054,0.93359375,0.031736075076109135
sigmoid,7001,110,0.01,0.32388365268707275,0.2513202130794525,0.9375,0.031045413212079685
sigmoid,7001,111,0.01,0.32154566049575806,0.24764466285705566,0.9375,0.030365060179895802
sigmoid,7001,112,0.01,0.3192823529243469,0.24411237239837646,0.94140625,0.02969674656966909
sigmoid,7001,113,0.01,0.317090779542923,0.24071720242500305,0.9453125,0.029041624235232776
sigmoid,7001,114,0.01,0.3149680495262146,0.23745249211788177,0.94921875,0.02840021183102989
sigmoid,7001,115,0.01,0.3129115104675293,0.23431143164634705,0.94921875,0.02777261271010852
sigmoid,7001,116,0.01,0.3109188675880432,0.23128783702850342,0.94921875,0.027158597844524776
sigmoid,7001,117,0.01,0.3089880347251892,0.22837667167186737,0.94921875,0.026557860945683593
sigmoid,7001,118,0.01,0.3071173429489136,0.22557425498962402,0.94921875,0.025970023191794422
sigmoid,7001,119,0.01,0.30530548095703125,0.22287821769714355,0.953125,0.02539465642015439
sigmoid,7001,120,0.01,0.3035513758659363,0.22028714418411255,0.953125,0.02483131731007601
sigmoid,7002,1,0.01,0.687524139881134,0.7070521116256714,0.51171875,0.08650326324262074
sigmoid,7002,2,0.01,0.6840961575508118,0.7113227844238281,0.49609375,0.04179179422493058
sigmoid,7002,3,0.01,0.6805198788642883,0.7118483781814575,0.53515625,0.05379077493885858
sigmoid,7002,4,0.01,0.6767544150352478,0.7099239826202393,0.625,0.05560739090643318
sigmoid,7002,5,0.01,0.67332524061203,0.7074154615402222,0.6875,0.04410439512742879
sigmoid,7002,6,0.01,0.6704121232032776,0.7056592702865601,0.67578125,0.03317337763298158
sigmoid,7002,7,0.01,0.6677990555763245,0.7052702903747559,0.67578125,0.03399790342021268
sigmoid,7002,8,0.01,0.6652545928955078,0.7063024640083313,0.65625,0.038418810305716714
sigmoid,7002,9,0.01,0.6627832651138306,0.708562433719635,0.65625,0.037071131266271186
sigmoid,7002,10,0.01,0.6605319976806641,0.7117137908935547,0.671875,0.029985707478687205
sigmoid,7002,11,0.01,0.6585900187492371,0.7152082324028015,0.67578125,0.023128398533004586
sigmoid,7002,12,0.01,0.6568925380706787,0.7183287143707275,0.67578125,0.024098376977930824
sigmoid,7002,13,0.01,0.6552984714508057,0.7204760909080505,0.67578125,0.029478497920188848
sigmoid,7002,14,0.01,0.6537314653396606,0.7214539051055908,0.6796875,0.031901902675438645
sigmoid,7002,15,0.01,0.6522117257118225,0.7214763760566711,0.66796875,0.029438566025707984
sigmoid,7002,16,0.01,0.6507752537727356,0.7209604978561401,0.65234375,0.023984696480205264
sigmoid,7002,17,0.01,0.6493975520133972,0.7203046679496765,0.65234375,0.01941185435536196
sigmoid,7002,18,0.01,0.6480019092559814,0.7197586894035339,0.65234375,0.01848671328197413
sigmoid,7002,19,0.01,0.646525502204895,0.7193909287452698,0.65234375,0.019417993988904706
sigmoid,7002,20,0.01,0.6449600458145142,0.7191059589385986,0.66015625,0.01975080529282386
sigmoid,7002,21,0.01,0.643332302570343,0.7186785936355591,0.65625,0.01988131055183141
sigmoid,7002,22,0.01,0.6416575908660889,0.7178114652633667,0.66796875,0.021484369031068123
sigmoid,7002,23,0.01,0.6399235129356384,0.716234028339386,0.671875,0.02448840686875568
sigmoid,7002,24,0.01,0.6381112337112427,0.7138118147850037,0.671875,0.027042894503968105
sigmoid,7002,25,0.01,0.6362251043319702,0.7106009125709534,0.671875,0.027687666231765575
sigmoid,7002,26,0.01,0.6342936754226685,0.706821084022522,0.671875,0.026287959479457598
sigmoid,7002,27,0.01,0.6323466897010803,0.7027744054794312,0.671875,0.023892963529829492
sigmoid,7002,28,0.01,0.6303936839103699,0.6987553834915161,0.66796875,0.022045841459874465
sigmoid,7002,29,0.01,0.6284241676330566,0.694980263710022,0.66796875,0.0215870264661558
sigmoid,7002,30,0.01,0.6264245510101318,0.6915507316589355,0.66796875,0.02202375518135984
sigmoid,7002,31,0.01,0.6243920922279358,0.6884506344795227,0.66796875,0.022526903745830183
sigmoid,7002,32,0.01,0.6223298907279968,0.6855687499046326,0.67578125,0.022938350292278923
sigmoid,7002,33,0.01,0.6202352046966553,0.6827424764633179,0.67578125,0.023591739933964986
sigmoid,7002,34,0.01,0.618094801902771,0.6798142194747925,0.6796875,0.02460115529613642
sigmoid,7002,35,0.01,0.6158927083015442,0.6766870021820068,0.68359375,0.025618208937658957
sigmoid,7002,36,0.01,0.6136206388473511,0.6733534336090088,0.68359375,0.026245483597565244
sigmoid,7002,37,0.01,0.6112792491912842,0.6698872447013855,0.68359375,0.026440725592910563
sigmoid,7002,38,0.01,0.6088716387748718,0.666404664516449,0.68359375,0.02648761031600971
sigmoid,7002,39,0.01,0.6063976287841797,0.6630151271820068,0.68359375,0.026661433725485788
sigmoid,7002,40,0.01,0.6038548946380615,0.6597846150398254,0.68359375,0.026975715420691604
sigmoid,7002,41,0.01,0.6012439131736755,0.6567177176475525,0.6875,0.027269489785135867
sigmoid,7002,42,0.01,0.5985696911811829,0.6537590622901917,0.69140625,0.027463216749279283
sigmoid,7002,43,0.01,0.5958389639854431,0.650810718536377,0.69140625,0.02765394726329003
sigmoid,7002,44,0.01,0.5930550694465637,0.6477585434913635,0.69140625,0.027980889206155275
sigmoid,7002,45,0.01,0.5902179479598999,0.6445026397705078,0.69140625,0.028454228959117856
sigmoid,7002,46,0.01,0.5873255729675293,0.6409815549850464,0.69140625,0.028945508019743025
sigmoid,7002,47,0.01,0.5843766331672668,0.637182891368866,0.69140625,0.029323035711626172
sigmoid,7002,48,0.01,0.5813702940940857,0.6331363320350647,0.69140625,0.029565780949218783
sigmoid,7002,49,0.01,0.5783054828643799,0.6288949847221375,0.69140625,0.02975857685693323
sigmoid,7002,50,0.01,0.5751796960830688,0.6245139837265015,0.6953125,0.030007765276398448
sigmoid,7002,51,0.01,0.571990430355072,0.6200323104858398,0.6953125,0.030371050403641082
sigmoid,7002,52,0.01,0.5687360763549805,0.6154646873474121,0.69140625,0.030852758819740627
sigmoid,7002,53,0.01,0.5654167532920837,0.6108014583587646,0.6953125,0.03143815288249176
sigmoid,7002,54,0.01,0.5620335936546326,0.6060162782669067,0.703125,0.03211379388139891
sigmoid,7002,55,0.01,0.5585872530937195,0.6010783910751343,0.703125,0.03285882975016304
sigmoid,7002,56,0.01,0.555077314376831,0.5959653854370117,0.703125,0.0336340928787587
sigmoid,7002,57,0.01,0.5515025854110718,0.5906727910041809,0.703125,0.034393084344653144
sigmoid,7002,58,0.01,0.5478612184524536,0.5852168798446655,0.70703125,0.03510760952705969
sigmoid,7002,59,0.01,0.5441513657569885,0.5796296000480652,0.70703125,0.0357824554716675
sigmoid,7002,60,0.01,0.5403707027435303,0.5739489793777466,0.70703125,0.036445781347996496
sigmoid,7002,61,0.01,0.5365171432495117,0.5682076215744019,0.70703125,0.03712620047254485
sigmoid,7002,62,0.01,0.5325887799263,0.5624249577522278,0.70703125,0.03783690201967151
sigmoid,7002,63,0.01,0.5285844802856445,0.5566026568412781,0.70703125,0.038576271224249926
sigmoid,7002,64,0.01,0.5245038866996765,0.550725519657135,0.70703125,0.03933753271584485
sigmoid,7002,65,0.01,0.5203472971916199,0.5447659492492676,0.7109375,0.040115060997104775
sigmoid,7002,66,0.01,0.5161148309707642,0.5386911630630493,0.7109375,0.04090303248469916
sigmoid,7002,67,0.01,0.5118064880371094,0.5324724912643433,0.7109375,0.041691770551842595
sigmoid,7002,68,0.01,0.5074223279953003,0.5260946750640869,0.7109375,0.0424689277851525
sigmoid,7002,69,0.01,0.5029634237289429,0.5195581912994385,0.7109375,0.0432250488356671
sigmoid,7002,70,0.01,0.4984317421913147,0.512874186038971,0.7109375,0.04395673314926263
sigmoid,7002,71,0.01,0.4938305616378784,0.5060580968856812,0.7109375,0.04466362891430437
sigmoid,7002,72,0.01,0.48916444182395935,0.49912354350090027,0.7109375,0.04534403794857905
sigmoid,7002,73,0.01,0.48443931341171265,0.49207964539527893,0.7109375,0.04599269382327575
sigmoid,7002,74,0.01,0.4796624183654785,0.48493075370788574,0.7109375,0.04660077084490264
sigmoid,7002,75,0.01,0.4748419523239136,0.47767794132232666,0.7109375,0.04715650081412121
sigmoid,7002,76,0.01,0.46998709440231323,0.4703224301338196,0.7109375,0.04764597847392512
sigmoid,7002,77,0.01,0.4651072025299072,0.462868869304657,0.7109375,0.048054926629875226
sigmoid,7002,78,0.01,0.4602121114730835,0.45532727241516113,0.7109375,0.048371841169420345
sigmoid,7002,79,0.01,0.4553114175796509,0.4477136433124542,0.7109375,0.048591145989203895
sigmoid,7002,80,0.01,0.45041483640670776,0.4400489926338196,0.7109375,0.048714134340064955
sigmoid,7002,81,0.01,0.44553205370903015,0.43235671520233154,0.7109375,0.04874725275642566
sigmoid,7002,82,0.01,0.4406725764274597,0.4246600866317749,0.7109375,0.048698355323060535
sigmoid,7002,83,0.01,0.43584582209587097,0.41698113083839417,0.7578125,0.048573484502435905
sigmoid,7002,84,0.01,0.4310610890388489,0.40933936834335327,0.78125,0.04837578243490427
sigmoid,7002,85,0.01,0.4263273775577545,0.40175220370292664,0.81640625,0.04810601544634828
sigmoid,7002,86,0.01,0.4216533899307251,0.39423590898513794,0.84375,0.04776415947856955
sigmoid,7002,87,0.01,0.41704699397087097,0.38680627942085266,0.859375,0.04735107927359598
sigmoid,7002,88,0.01,0.4125158190727234,0.3794792592525482,0.87109375,0.046869670457415316
sigmoid,7002,89,0.01,0.4080663025379181,0.37227070331573486,0.87890625,0.04632551249481396
sigmoid,7002,90,0.01,0.4037046432495117,0.3651959300041199,0.88671875,0.045726377136406454
sigmoid,7002,91,0.01,0.3994358777999878,0.35826826095581055,0.90234375,0.045081475988435246
sigmoid,7002,92,0.01,0.39526432752609253,0.35149863362312317,0.90625,0.04440008971295841
sigmoid,7002,93,0.01,0.39119359850883484,0.3448948860168457,0.90625,0.04369065965204738
sigmoid,7002,94,0.01,0.3872263431549072,0.3384620249271393,0.91015625,0.04296038103470523
sigmoid,7002,95,0.01,0.3833647668361664,0.3322031795978546,0.91015625,0.04221513926708106
sigmoid,7002,96,0.01,0.379610151052475,0.3261204957962036,0.91796875,0.04145966036889802
sigmoid,7002,97,0.01,0.3759633004665375,0.32021617889404297,0.9296875,0.040697664855144366
sigmoid,7002,98,0.01,0.3724241256713867,0.31449317932128906,0.93359375,0.03993190303976559
sigmoid,7002,99,0.01,0.3689921200275421,0.30895543098449707,0.9375,0.03916445253794436
sigmoid,7002,100,0.01,0.36566612124443054,0.3036074936389923,0.94140625,0.03839685471619606
sigmoid,7002,101,0.01,0.36244431138038635,0.298453688621521,0.9375,0.037630388242598484
sigmoid,7002,102,0.01,0.3593246340751648,0.29349762201309204,0.9375,0.036866231185834215
sigmoid,7002,103,0.01,0.35630449652671814,0.2887412905693054,0.9375,0.03610579261581429
sigmoid,7002,104,0.01,0.35338106751441956,0.28418460488319397,0.9375,0.035350906725895276
sigmoid,7002,105,0.01,0.3505513668060303,0.2798255681991577,0.9375,0.034604098469284396
sigmoid,7002,106,0.01,0.3478122353553772,0.2756602168083191,0.9375,0.03386855507588433
sigmoid,7002,107,0.01,0.34516048431396484,0.27168333530426025,0.9375,0.033147919341774225
sigmoid,7002,108,0.01,0.342592716217041,0.2678888142108917,0.9375,0.032445927131324985
sigmoid,7002,109,0.01,0.340105801820755,0.2642703652381897,0.9375,0.031765861079022475
sigmoid,7002,110,0.01,0.33769649267196655,0.260821670293808,0.94140625,0.031110315422771744
sigmoid,7002,111,0.01,0.33536168932914734,0.25753679871559143,0.94140625,0.030480903832655722
sigmoid,7002,112,0.01,0.33309850096702576,0.2544100880622864,0.94140625,0.02987821174638203
sigmoid,7002,113,0.01,0.33090418577194214,0.25143611431121826,0.94140625,0.02930187215649779
sigmoid,7002,114,0.01,0.32877618074417114,0.2486095428466797,0.94140625,0.028750787866336575
sigmoid,7002,115,0.01,0.3267119526863098,0.24592480063438416,0.94140625,0.02822336589180048
sigmoid,7002,116,0.01,0.32470932602882385,0.2433762103319168,0.94140625,0.027717801754010545
sigmoid,7002,117,0.01,0.3227662444114685,0.2409576028585434,0.94140625,0.0272323396160549
sigmoid,7002,118,0.01,0.320880651473999,0.2386625111103058,0.9375,0.0267653602062936
sigmoid,7002,119,0.01,0.3190508484840393,0.2364841103553772,0.94140625,0.02631551763497944
sigmoid,7002,120,0.01,0.3172749876976013,0.23441538214683533,0.94140625,0.025881668719416762
sigmoid,7003,1,0.01,0.6888025999069214,0.7007523775100708,0.46875,0.1214227877057107
sigmoid,7003,2,0.01,0.6862238645553589,0.7081315517425537,0.46875,0.043182401459115054
sigmoid,7003,3,0.01,0.6838187575340271,0.7110276222229004,0.46875,0.05945502932488077
sigmoid,7003,4,0.01,0.6804253458976746,0.7091345191001892,0.46875,0.07510477354635736
sigmoid,7003,5,0.01,0.6768739819526672,0.7049224972724915,0.50390625,0.06536672952305676
sigmoid,7003,6,0.01,0.673940122127533,0.7006916999816895,0.63671875,0.04396716694507756
sigmoid,7003,7,0.01,0.67164146900177,0.6978028416633606,0.66015625,0.0326750868625719
sigmoid,7003,8,0.01,0.6694755554199219,0.6966554522514343,0.64453125,0.04286824411625089
sigmoid,7003,9,0.01,0.6670793294906616,0.6971184611320496,0.6328125,0.052454003489782706
sigmoid,7003,10,0.01,0.6645113229751587,0.6989680528640747,0.64453125,0.05175762250984608
sigmoid,7003,11,0.01,0.6620524525642395,0.7019386291503906,0.65625,0.0421299417115745
sigmoid,7003,12,0.01,0.659914493560791,0.7055656313896179,0.66015625,0.029808164741062432
sigmoid,7003,13,0.01,0.6580860614776611,0.709133505821228,0.6640625,0.02561999122115994
sigmoid,7003,14,0.01,0.6563895344734192,0.7118883728981018,0.6640625,0.03203706297204004
sigmoid,7003,15,0.01,0.6546772122383118,0.7133969068527222,0.6640625,0.03792850895261114
sigmoid,7003,16,0.01,0.6529611349105835,0.7137336730957031,0.6640625,0.037734663755054514
sigmoid,7003,17,0.01,0.6513655781745911,0.7133687138557434,0.66015625,0.031635689758690314
sigmoid,7003,18,0.01,0.6499822735786438,0.7129054069519043,0.66015625,0.023276783991909553
sigmoid,7003,19,0.01,0.648779034614563,0.7128429412841797,0.6484375,0.018973400066049327
sigmoid,7003,20,0.01,0.6476369500160217,0.7134537696838379,0.640625,0.021017245008440794
sigmoid,7003,21,0.01,0.6464648246765137,0.7147765159606934,0.64453125,0.023318547683522393
sigmoid,7003,22,0.01,0.6452619433403015,0.7166551351547241,0.65234375,0.022359851805268408
sigmoid,7003,23,0.01,0.6440790295600891,0.7187597155570984,0.65625,0.019590407445976815
sigmoid,7003,24,0.01,0.6429348587989807,0.7206189036369324,0.66015625,0.019670065901496045
sigmoid,7003,25,0.01,0.6417800784111023,0.7217264771461487,0.66015625,0.02429721395910475
sigmoid,7003,26,0.01,0.6405366659164429,0.7217152714729309,0.6640625,0.02956072248754284
sigmoid,7003,27,0.01,0.6391631364822388,0.7204914093017578,0.6640625,0.03222525465668117
sigmoid,7003,28,0.01,0.6376743316650391,0.7182363271713257,0.6640625,0.03150189461305794
sigmoid,7003,29,0.01,0.6361080408096313,0.7152975797653198,0.65625,0.028420919136214542
sigmoid,7003,30,0.01,0.6344823241233826,0.7120485901832581,0.65625,0.02500824602241907
sigmoid,7003,31,0.01,0.6327861547470093,0.7087863087654114,0.65625,0.023026260407443634
sigmoid,7003,32,0.01,0.6310018301010132,0.7056813836097717,0.66015625,0.022619135293667297
sigmoid,7003,33,0.01,0.6291311383247375,0.7027750015258789,0.6640625,0.02274410365435088
sigmoid,7003,34,0.01,0.6271979808807373,0.6999968886375427,0.66796875,0.022847422524296283
sigmoid,7003,35,0.01,0.6252291798591614,0.6971988677978516,0.66796875,0.023289627546719902
sigmoid,7003,36,0.01,0.6232355833053589,0.6942039728164673,0.66796875,0.024472356766758605
sigmoid,7003,37,0.01,0.6212107539176941,0.6908684372901917,0.66796875,0.026040973186883035
sigmoid,7003,38,0.01,0.6191439628601074,0.6871364116668701,0.66796875,0.027169387644447318
sigmoid,7003,39,0.01,0.6170333027839661,0.6830622553825378,0.66796875,0.027338402280185647
sigmoid,7003,40,0.01,0.6148841977119446,0.678791344165802,0.66796875,0.026720378575366795
sigmoid,7003,41,0.01,0.6126991510391235,0.6745089888572693,0.66796875,0.026021010189324727
sigmoid,7003,42,0.01,0.6104698777198792,0.6703853011131287,0.671875,0.025913025968546926
sigmoid,7003,43,0.01,0.6081807017326355,0.6665318608283997,0.67578125,0.02648308585395709
sigmoid,7003,44,0.01,0.605817973613739,0.6629830598831177,0.67578125,0.027300085632453584
sigmoid,7003,45,0.01,0.6033768057823181,0.6596977114677429,0.67578125,0.027961675861305664
sigmoid,7003,46,0.01,0.6008589267730713,0.6565760970115662,0.67578125,0.02842035565021044
sigmoid,7003,47,0.01,0.5982652902603149,0.6534876227378845,0.6796875,0.02886886245451511
sigmoid,7003,48,0.01,0.5955939292907715,0.650306761264801,0.6796875,0.029437719941846668
sigmoid,7003,49,0.01,0.5928419828414917,0.6469451189041138,0.68359375,0.030043825392338543
sigmoid,7003,50,0.01,0.590009868144989,0.6433728337287903,0.6875,0.030507321455809283
sigmoid,7003,51,0.01,0.5871028304100037,0.6396182775497437,0.6875,0.03075062099687535
sigmoid,7003,52,0.01,0.5841276049613953,0.6357479095458984,0.6875,0.03086043192345952
sigmoid,7003,53,0.01,0.581088125705719,0.6318371891975403,0.6875,0.03098474265160795
sigmoid,7003,54,0.01,0.5779849886894226,0.6279414296150208,0.6875,0.031197480789144104
sigmoid,7003,55,0.01,0.5748164653778076,0.6240769624710083,0.69140625,0.03147217321268085
sigmoid,7003,56,0.01,0.5715817213058472,0.6202153563499451,0.69140625,0.031769440112842405
sigmoid,7003,57,0.01,0.5682799220085144,0.6162890195846558,0.6953125,0.03211638920275171
sigmoid,7003,58,0.01,0.5649091601371765,0.6122071743011475,0.69921875,0.03258571064828607
sigmoid,7003,59,0.01,0.5614646673202515,0.6078786253929138,0.69921875,0.03320799134054917
sigmoid,7003,60,0.01,0.5579403042793274,0.6032345294952393,0.69921875,0.03392421086462327
sigmoid,7003,61,0.01,0.5543304085731506,0.5982456207275391,0.69921875,0.034632360344475074
sigmoid,7003,62,0.01,0.5506312847137451,0.592924952507019,0.703125,0.035273328200805996
sigmoid,7003,63,0.01,0.5468403697013855,0.5873194932937622,0.703125,0.035869877342617706
sigmoid,7003,64,0.01,0.542955756187439,0.5814915299415588,0.703125,0.03649206754965105
sigmoid,7003,65,0.01,0.5389751195907593,0.5754992365837097,0.703125,0.037193782477330385
sigmoid,7003,66,0.01,0.5348958969116211,0.5693817138671875,0.703125,0.03798028902836048
sigmoid,7003,67,0.01,0.5307161808013916,0.563152015209198,0.703125,0.03882440450718265
sigmoid,7003,68,0.01,0.5264341235160828,0.5567989945411682,0.70703125,0.03969895832227583
sigmoid,7003,69,0.01,0.5220473408699036,0.5502966046333313,0.70703125,0.04058987017138142
sigmoid,7003,70,0.01,0.5175522565841675,0.5436176061630249,0.70703125,0.041486964642347385
sigmoid,7003,71,0.01,0.512945294380188,0.536745548248291,0.70703125,0.04237505878718059
sigmoid,7003,72,0.01,0.5082236528396606,0.5296825170516968,0.70703125,0.04323847081794941
sigmoid,7003,73,0.01,0.5033861994743347,0.5224485993385315,0.70703125,0.04407023719794895
sigmoid,7003,74,0.01,0.4984338879585266,0.5150750279426575,0.70703125,0.04487167822452854
sigmoid,7003,75,0.01,0.4933694005012512,0.5075943470001221,0.70703125,0.045642981058794115
sigmoid,7003,76,0.01,0.4881978929042816,0.5000309944152832,0.70703125,0.04637704859421603
sigmoid,7003,77,0.01,0.48292675614356995,0.4923965036869049,0.70703125,0.04706369869114058
sigmoid,7003,78,0.01,0.4775657653808594,0.48468905687332153,0.70703125,0.04769811500102245
sigmoid,7003,79,0.01,0.47212645411491394,0.4768980145454407,0.70703125,0.04828245165363319
sigmoid,7003,80,0.01,0.466621458530426,0.4690108001232147,0.70703125,0.048818957105611745
sigmoid,7003,81,0.01,0.4610637426376343,0.46102020144462585,0.70703125,0.049302016784526746
sigmoid,7003,82,0.01,0.45546668767929077,0.4529290199279785,0.70703125,0.04971813544877708
sigmoid,7003,83,0.01,0.44984322786331177,0.44475114345550537,0.70703125,0.05005214193018951
sigmoid,7003,84,0.01,0.44420599937438965,0.4365084767341614,0.70703125,0.050293672060337455
sigmoid,7003,85,0.01,0.43856704235076904,0.4282260537147522,0.7265625,0.0504385489436815
sigmoid,7003,86,0.01,0.43293774127960205,0.4199262857437134,0.75,0.0504860440400779
sigmoid,7003,87,0.01,0.42732954025268555,0.41162604093551636,0.765625,0.050436225753739766
sigmoid,7003,88,0.01,0.42175379395484924,0.4033358693122864,0.78515625,0.05028920642322978
sigmoid,7003,89,0.01,0.41622263193130493,0.3950624465942383,0.80078125,0.050045377565514367
sigmoid,7003,90,0.01,0.41074854135513306,0.3868127465248108,0.828125,0.049705474384559675
sigmoid,7003,91,0.01,0.40534454584121704,0.378597617149353,0.85546875,0.04927039515666104
sigmoid,7003,92,0.01,0.400023877620697,0.3704346716403961,0.87109375,0.04874231957949552
sigmoid,7003,93,0.01,0.39479994773864746,0.36234793066978455,0.87890625,0.048126414624085
sigmoid,7003,94,0.01,0.3896859884262085,0.3543660640716553,0.89453125,0.04743161788092425
sigmoid,7003,95,0.01,0.3846943974494934,0.34651878476142883,0.8984375,0.04666931216637418
sigmoid,7003,96,0.01,0.3798365294933319,0.3388328552246094,0.90625,0.045850895268438246
sigmoid,7003,97,0.01,0.3751223385334015,0.3313297629356384,0.9140625,0.044985660691996575
sigmoid,7003,98,0.01,0.37056034803390503,0.32402437925338745,0.921875,0.044080175916855806
sigmoid,7003,99,0.01,0.3661571145057678,0.3169255256652832,0.921875,0.04313845352431094
sigmoid,7003,100,0.01,0.3619175851345062,0.3100382089614868,0.921875,0.04216249559508555
sigmoid,7003,101,0.01,0.3578447997570038,0.3033655285835266,0.921875,0.04115316532684506
sigmoid,7003,102,0.01,0.35394033789634705,0.29691070318222046,0.92578125,0.040111497778968754
sigmoid,7003,103,0.01,0.3502042889595032,0.29067790508270264,0.92578125,0.039040353510509405
sigmoid,7003,104,0.01,0.34663569927215576,0.28467145562171936,0.93359375,0.03794530471527959
sigmoid,7003,105,0.01,0.3432323932647705,0.27889499068260193,0.9375,0.03683423320117431
sigmoid,7003,106,0.01,0.33999142050743103,0.2733497619628906,0.9375,0.03571622262487506
sigmoid,7003,107,0.01,0.3369090259075165,0.2680340111255646,0.9375,0.034600366085343066
sigmoid,7003,108,0.01,0.3339807391166687,0.2629428803920746,0.9375,0.03349510459391185
sigmoid,7003,109,0.01,0.3312017321586609,0.25806954503059387,0.94140625,0.032407760703432494
sigmoid,7003,110,0.01,0.32856667041778564,0.2534065544605255,0.9453125,0.031344268792225405
sigmoid,7003,111,0.01,0.3260698914527893,0.24894750118255615,0.94921875,0.03030901313878677
sigmoid,7003,112,0.01,0.3237055838108063,0.24468785524368286,0.9453125,0.02930488705722744
sigmoid,7003,113,0.01,0.32146769762039185,0.24062518775463104,0.94921875,0.02833376528319118
sigmoid,7003,114,0.01,0.31935012340545654,0.23675857484340668,0.94921875,0.02739672620571878
sigmoid,7003,115,0.01,0.31734663248062134,0.23308724164962769,0.9453125,0.026494090125814954
sigmoid,7003,116,0.01,0.3154509663581848,0.22960960865020752,0.9453125,0.025625417961179724
sigmoid,7003,117,0.01,0.3136568069458008,0.22632212936878204,0.9453125,0.024789778626457756
sigmoid,7003,118,0.01,0.3119579255580902,0.22321920096874237,0.9453125,0.02398627269847142
sigmoid,7003,119,0.01,0.3103482127189636,0.22029341757297516,0.9453125,0.023214606436147922
sigmoid,7003,120,0.01,0.3088216185569763,0.21753641963005066,0.9453125,0.02247532885757229
zero_init,7001,1,0.01,0.6927690505981445,0.6934722065925598,0.46875,0.0390625
zero_init,7001,2,0.01,0.692416787147522,0.693821370601654,0.46875,0.03656250240201616
zero_init,7001,3,0.01,0.6920904517173767,0.6941938400268555,0.46875,0.03406834518846968
zero_init,7001,4,0.01,0.6917906999588013,0.6945884823799133,0.46875,0.031584442040171384
zero_init,7001,5,0.01,0.6915175318717957,0.6950041651725769,0.46875,0.029115855744028325
zero_init,7001,6,0.01,0.6912708282470703,0.6954389214515686,0.46875,0.02666795244561459
zero_init,7001,7,0.01,0.6910503506660461,0.6958907246589661,0.46875,0.024246931215538937
zero_init,7001,8,0.01,0.690855860710144,0.696357250213623,0.46875,0.021859228566703838
zero_init,7001,9,0.01,0.6906867623329163,0.6968358159065247,0.46875,0.019511997897019514
zero_init,7001,10,0.01,0.6905419826507568,0.6973231434822083,0.46875,0.0172129869126696
zero_init,7001,11,0.01,0.690420925617218,0.6978160738945007,0.46875,0.014970362294529542
zero_init,7001,12,0.01,0.6903217434883118,0.698310375213623,0.46875,0.012792766297354605
zero_init,7001,13,0.01,0.6902433037757874,0.6988019943237305,0.46875,0.010689199005194437
zero_init,7001,14,0.01,0.6901836395263672,0.6992866396903992,0.46875,0.008668899326303478
zero_init,7001,15,0.01,0.6901409029960632,0.6997597813606262,0.46875,0.006741225788754115
zero_init,7001,16,0.01,0.6901128888130188,0.70021653175354,0.46875,0.004915356588343987
zero_init,7001,17,0.01,0.6900975704193115,0.7006524205207825,0.46875,0.003200292578399301
zero_init,7001,18,0.01,0.6900923252105713,0.7010630369186401,0.46875,0.00160413980373273
zero_init,7001,19,0.01,0.6900952458381653,0.7014443278312683,0.46875,0.00013446807861328125
zero_init,7001,20,0.01,0.6901038885116577,0.7017925381660461,0.46875,0.0012024640977896747
zero_init,7001,21,0.01,0.6901164054870605,0.7021046876907349,0.46875,0.0024015307833274934
zero_init,7001,22,0.01,0.6901308298110962,0.7023782134056091,0.46875,0.003459334322124449
zero_init,7001,23,0.01,0.6901456713676453,0.7026116847991943,0.46875,0.004373967549677509
zero_init,7001,24,0.01,0.6901594400405884,0.702803909778595,0.46875,0.005145311305876553
zero_init,7001,25,0.01,0.690171480178833,0.7029551267623901,0.46875,0.005774855740440498
zero_init,7001,26,0.01,0.6901806592941284,0.7030656337738037,0.46875,0.006265819088315864
zero_init,7001,27,0.01,0.6901869177818298,0.7031369209289551,0.46875,0.006622970071763936
zero_init,7001,28,0.01,0.6901899576187134,0.7031710743904114,0.46875,0.006852507465781558
zero_init,7001,29,0.01,0.6901898384094238,0.7031702995300293,0.46875,0.006961822509765625
zero_init,7001,30,0.01,0.6901870369911194,0.7031375765800476,0.46875,0.0069592593974746614
zero_init,7001,31,0.01,0.6901816129684448,0.7030760645866394,0.46875,0.0068541764041590725
zero_init,7001,32,0.01,0.6901742815971375,0.7029892802238464,0.46875,0.006656408442301148
zero_init,7001,33,0.01,0.6901654005050659,0.702880859375,0.46875,0.006376445344406846
zero_init,7001,34,0.01,0.6901558041572571,0.7027543783187866,0.46875,0.006024956579356119
zero_init,7001,35,0.01,0.69014573097229,0.702613353729248,0.46875,0.005612790700713733
zero_init,7001,36,0.01,0.6901358366012573,0.7024614214897156,0.46875,0.005150794894623328
zero_init,7001,37,0.01,0.6901264786720276,0.7023019790649414,0.46875,0.004649817885122839
zero_init,7001,38,0.01,0.6901180148124695,0.7021382451057434,0.46875,0.004120349856441653
zero_init,7001,39,0.01,0.6901106834411621,0.7019734382629395,0.46875,0.0035725832602025395
zero_init,7001,40,0.01,0.6901044845581055,0.7018099427223206,0.46875,0.0030163526134576145
zero_init,7001,41,0.01,0.6900997161865234,0.7016503214836121,0.46875,0.0024607777415053007
zero_init,7001,42,0.01,0.6900961995124817,0.7014970183372498,0.46875,0.0019144415697669465
zero_init,7001,43,0.01,0.6900938749313354,0.7013518214225769,0.46875,0.001385331189772951
zero_init,7001,44,0.01,0.6900926232337952,0.7012163400650024,0.46875,0.0008804798126220703
zero_init,7001,45,0.01,0.6900922656059265,0.7010919451713562,0.46875,0.00040608644048040454
zero_init,7001,46,0.01,0.6900925636291504,0.700979471206665,0.46875,3.248453140258789e-05
zero_init,7001,47,0.01,0.6900935173034668,0.7008801698684692,0.46875,0.00043076276366800064
zero_init,7001,48,0.01,0.6900947093963623,0.7007940411567688,0.46875,0.0007852911926537357
zero_init,7001,49,0.01,0.6900959610939026,0.7007215619087219,0.46875,0.001093625996350358
zero_init,7001,50,0.01,0.6900972723960876,0.7006629109382629,0.46875,0.001354217529296875
zero_init,7001,51,0.01,0.6900984048843384,0.7006175518035889,0.46875,0.0015664100646972656
zero_init,7001,52,0.01,0.6900992393493652,0.7005853056907654,0.46875,0.0017304420471191406
zero_init,7001,53,0.01,0.690099835395813,0.7005656957626343,0.46875,0.0018473863563222516
zero_init,7001,54,0.01,0.6900998950004578,0.7005576491355896,0.46875,0.001918971530212566
zero_init,7001,55,0.01,0.690099835395813,0.7005608081817627,0.46875,0.001947760607506203
zero_init,7001,56,0.01,0.6900994777679443,0.7005736827850342,0.46875,0.0019367933236628875
zero_init,7001,57,0.01,0.6900989413261414,0.7005956172943115,0.46875,0.0018895864749915905
zero_init,7001,58,0.01,0.6900981068611145,0.7006253004074097,0.46875,0.0018101930579033814
zero_init,7001,59,0.01,0.6900972723960876,0.7006614804267883,0.46875,0.0017026066853122455
zero_init,7001,60,0.01,0.690096378326416,0.700702965259552,0.46875,0.0015714764493298037
zero_init,7001,61,0.01,0.6900955438613892,0.7007488012313843,0.46875,0.0014212131300262107
zero_init,7001,62,0.01,0.6900946497917175,0.7007975578308105,0.46875,0.0012563466969200575
zero_init,7001,63,0.01,0.6900939345359802,0.700847864151001,0.46875,0.0010814070685172773
zero_init,7001,64,0.01,0.6900933384895325,0.7008988857269287,0.46875,0.0009006857852287008
zero_init,7001,65,0.01,0.6900929808616638,0.700949490070343,0.46875,0.0007182359596505698
zero_init,7001,66,0.01,0.6900925040245056,0.7009986042976379,0.46875,0.000537872314453125
zero_init,7001,67,0.01,0.6900923848152161,0.7010453939437866,0.46875,0.0003631114959716797
zero_init,7001,68,0.01,0.6900923252105713,0.7010891437530518,0.46875,0.00019699335098266602
zero_init,7001,69,0.01,0.6900922060012817,0.7011290788650513,0.46875,4.214048385620117e-05
zero_init,7001,70,0.01,0.6900923848152161,0.7011649012565613,0.46875,9.912252426147461e-05
zero_init,7001,71,0.01,0.6900925636291504,0.7011958956718445,0.46875,0.0002251267433166504
zero_init,7001,72,0.01,0.6900926232337952,0.7012220025062561,0.46875,0.0003344416565233066
zero_init,7001,73,0.01,0.6900928020477295,0.7012431025505066,0.46875,0.00042623281062124425
zero_init,7001,74,0.01,0.690092921257019,0.7012589573860168,0.46875,0.0005000829554570302
zero_init,7001,75,0.01,0.6900931000709534,0.7012699246406555,0.46875,0.0005559325186247941
zero_init,7001,76,0.01,0.6900930404663086,0.7012760639190674,0.46875,0.0005941987007763694
zero_init,7001,77,0.01,0.6900931000709534,0.7012776136398315,0.46875,0.0006155371637095945
zero_init,7001,78,0.01,0.6900930404663086,0.7012749910354614,0.46875,0.0006210803985595703
zero_init,7001,79,0.01,0.690092921257019,0.7012685537338257,0.46875,0.0006119012716521116
zero_init,7001,80,0.01,0.6900928616523743,0.7012590169906616,0.46875,0.0005896091461181641
zero_init,7001,81,0.01,0.6900928616523743,0.7012466788291931,0.46875,0.0005558729043928256
zero_init,7001,82,0.01,0.6900928020477295,0.7012320160865784,0.46875,0.0005124211276674376
zero_init,7001,83,0.01,0.6900925636291504,0.7012156844139099,0.46875,0.0004611015319824219
zero_init,7001,84,0.01,0.6900925636291504,0.7011982202529907,0.46875,0.0004038214639544047
zero_init,7001,85,0.01,0.6900924444198608,0.701180100440979,0.46875,0.0003424286790470956
zero_init,7001,86,0.01,0.6900923848152161,0.701161801815033,0.46875,0.00027865170795012277
zero_init,7001,87,0.01,0.6900922656059265,0.7011438012123108,0.46875,0.0002143383026123047
zero_init,7001,88,0.01,0.6900923252105713,0.7011265158653259,0.46875,0.00015091896057128906
zero_init,7001,89,0.01,0.6900923252105713,0.7011102437973022,0.46875,8.976459503173828e-05
zero_init,7001,90,0.01,0.6900923252105713,0.7010952830314636,0.46875,3.230571746826172e-05
zero_init,7001,91,0.01,0.6900922656059265,0.7010818719863892,0.46875,2.0503997802734375e-05
zero_init,7001,92,0.01,0.6900923252105713,0.7010703086853027,0.46875,6.783008575439453e-05
zero_init,7001,93,0.01,0.6900924444198608,0.7010605335235596,0.46875,0.00010895729064941406
zero_init,7001,94,0.01,0.6900922656059265,0.701052725315094,0.46875,0.00014352798461914062
zero_init,7001,95,0.01,0.6900925040245056,0.7010468244552612,0.46875,0.00017118453979492188
zero_init,7001,96,0.01,0.6900924444198608,0.701042890548706,0.46875,0.0001919269561767578
zero_init,7001,97,0.01,0.6900923848152161,0.7010408043861389,0.46875,0.00020581483840942383
zero_init,7001,98,0.01,0.6900923252105713,0.701040506362915,0.46875,0.00021314620971679688
zero_init,7001,99,0.01,0.6900924444198608,0.7010417580604553,0.46875,0.0002143383026123047
zero_init,7001,100,0.01,0.6900923848152161,0.7010443806648254,0.46875,0.00020992755889892578
zero_init,7001,101,0.01,0.6900923848152161,0.7010483741760254,0.46875,0.00020045042037963867
zero_init,7001,102,0.01,0.6900923848152161,0.701053261756897,0.46875,0.00018674135208129883
zero_init,7001,103,0.01,0.6900924444198608,0.7010588645935059,0.46875,0.00016939640045166016
zero_init,7001,104,0.01,0.6900922656059265,0.701065182685852,0.46875,0.00014925003051757812
zero_init,7001,105,0.01,0.6900923252105713,0.7010717391967773,0.46875,0.0001271367073059082
zero_init,7001,106,0.01,0.6900923252105713,0.7010785341262817,0.46875,0.00010371208190917969
zero_init,7001,107,0.01,0.6900923252105713,0.701085090637207,0.46875,7.981061935424805e-05
zero_init,7001,108,0.01,0.6900923252105713,0.7010917663574219,0.46875,5.602836608886719e-05
zero_init,7001,109,0.01,0.6900923252105713,0.7010979652404785,0.46875,3.3020973205566406e-05
zero_init,7001,110,0.01,0.6900923252105713,0.7011035084724426,0.46875,1.1324882507324219e-05
zero_init,7001,111,0.01,0.6900922656059265,0.7011085152626038,0.46875,8.64267349243164e-06
zero_init,7001,112,0.01,0.6900922656059265,0.7011128067970276,0.46875,2.6404857635498047e-05
zero_init,7001,113,0.01,0.6900923848152161,0.7011165022850037,0.46875,4.178285598754883e-05
zero_init,7001,114,0.01,0.6900923252105713,0.7011193633079529,0.46875,5.453824996948242e-05
zero_init,7001,115,0.01,0.6900923252105713,0.70112144947052,0.46875,6.455183029174805e-05
zero_init,7001,116,0.01,0.6900923252105713,0.7011227607727051,0.46875,7.18235969543457e-05
zero_init,7001,117,0.01,0.6900923848152161,0.7011232972145081,0.46875,7.635354995727539e-05
zero_init,7001,118,0.01,0.6900922656059265,0.7011231184005737,0.46875,7.832050323486328e-05
zero_init,7001,119,0.01,0.6900922656059265,0.7011224031448364,0.46875,7.790327072143555e-05
zero_init,7001,120,0.01,0.6900923252105713,0.7011210918426514,0.46875,7.528066635131836e-05
zero_init,7002,1,0.01,0.6927690505981445,0.6934722065925598,0.46875,0.0390625
zero_init,7002,2,0.01,0.692416787147522,0.693821370601654,0.46875,0.03656250240201616
zero_init,7002,3,0.01,0.6920904517173767,0.6941938400268555,0.46875,0.03406834518846968
zero_init,7002,4,0.01,0.6917906999588013,0.6945884823799133,0.46875,0.031584442040171384
zero_init,7002,5,0.01,0.6915175318717957,0.6950041651725769,0.46875,0.029115855744028325
zero_init,7002,6,0.01,0.6912708282470703,0.6954389214515686,0.46875,0.02666795244561459
zero_init,7002,7,0.01,0.6910503506660461,0.6958907246589661,0.46875,0.024246931215538937
zero_init,7002,8,0.01,0.690855860710144,0.696357250213623,0.46875,0.021859228566703838
zero_init,7002,9,0.01,0.6906867623329163,0.6968358159065247,0.46875,0.019511997897019514
zero_init,7002,10,0.01,0.6905419826507568,0.6973231434822083,0.46875,0.0172129869126696
zero_init,7002,11,0.01,0.690420925617218,0.6978160738945007,0.46875,0.014970362294529542
zero_init,7002,12,0.01,0.6903217434883118,0.698310375213623,0.46875,0.012792766297354605
zero_init,7002,13,0.01,0.6902433037757874,0.6988019943237305,0.46875,0.010689199005194437
zero_init,7002,14,0.01,0.6901836395263672,0.6992866396903992,0.46875,0.008668899326303478
zero_init,7002,15,0.01,0.6901409029960632,0.6997597813606262,0.46875,0.006741225788754115
zero_init,7002,16,0.01,0.6901128888130188,0.70021653175354,0.46875,0.004915356588343987
zero_init,7002,17,0.01,0.6900975704193115,0.7006524205207825,0.46875,0.003200292578399301
zero_init,7002,18,0.01,0.6900923252105713,0.7010630369186401,0.46875,0.00160413980373273
zero_init,7002,19,0.01,0.6900952458381653,0.7014443278312683,0.46875,0.00013446807861328125
zero_init,7002,20,0.01,0.6901038885116577,0.7017925381660461,0.46875,0.0012024640977896747
zero_init,7002,21,0.01,0.6901164054870605,0.7021046876907349,0.46875,0.0024015307833274934
zero_init,7002,22,0.01,0.6901308298110962,0.7023782134056091,0.46875,0.003459334322124449
zero_init,7002,23,0.01,0.6901456713676453,0.7026116847991943,0.46875,0.004373967549677509
zero_init,7002,24,0.01,0.6901594400405884,0.702803909778595,0.46875,0.005145311305876553
zero_init,7002,25,0.01,0.690171480178833,0.7029551267623901,0.46875,0.005774855740440498
zero_init,7002,26,0.01,0.6901806592941284,0.7030656337738037,0.46875,0.006265819088315864
zero_init,7002,27,0.01,0.6901869177818298,0.7031369209289551,0.46875,0.006622970071763936
zero_init,7002,28,0.01,0.6901899576187134,0.7031710743904114,0.46875,0.006852507465781558
zero_init,7002,29,0.01,0.6901898384094238,0.7031702995300293,0.46875,0.006961822509765625
zero_init,7002,30,0.01,0.6901870369911194,0.7031375765800476,0.46875,0.0069592593974746614
zero_init,7002,31,0.01,0.6901816129684448,0.7030760645866394,0.46875,0.0068541764041590725
zero_init,7002,32,0.01,0.6901742815971375,0.7029892802238464,0.46875,0.006656408442301148
zero_init,7002,33,0.01,0.6901654005050659,0.702880859375,0.46875,0.006376445344406846
zero_init,7002,34,0.01,0.6901558041572571,0.7027543783187866,0.46875,0.006024956579356119
zero_init,7002,35,0.01,0.69014573097229,0.702613353729248,0.46875,0.005612790700713733
zero_init,7002,36,0.01,0.6901358366012573,0.7024614214897156,0.46875,0.005150794894623328
zero_init,7002,37,0.01,0.6901264786720276,0.7023019790649414,0.46875,0.004649817885122839
zero_init,7002,38,0.01,0.6901180148124695,0.7021382451057434,0.46875,0.004120349856441653
zero_init,7002,39,0.01,0.6901106834411621,0.7019734382629395,0.46875,0.0035725832602025395
zero_init,7002,40,0.01,0.6901044845581055,0.7018099427223206,0.46875,0.0030163526134576145
zero_init,7002,41,0.01,0.6900997161865234,0.7016503214836121,0.46875,0.0024607777415053007
zero_init,7002,42,0.01,0.6900961995124817,0.7014970183372498,0.46875,0.0019144415697669465
zero_init,7002,43,0.01,0.6900938749313354,0.7013518214225769,0.46875,0.001385331189772951
zero_init,7002,44,0.01,0.6900926232337952,0.7012163400650024,0.46875,0.0008804798126220703
zero_init,7002,45,0.01,0.6900922656059265,0.7010919451713562,0.46875,0.00040608644048040454
zero_init,7002,46,0.01,0.6900925636291504,0.700979471206665,0.46875,3.248453140258789e-05
zero_init,7002,47,0.01,0.6900935173034668,0.7008801698684692,0.46875,0.00043076276366800064
zero_init,7002,48,0.01,0.6900947093963623,0.7007940411567688,0.46875,0.0007852911926537357
zero_init,7002,49,0.01,0.6900959610939026,0.7007215619087219,0.46875,0.001093625996350358
zero_init,7002,50,0.01,0.6900972723960876,0.7006629109382629,0.46875,0.001354217529296875
zero_init,7002,51,0.01,0.6900984048843384,0.7006175518035889,0.46875,0.0015664100646972656
zero_init,7002,52,0.01,0.6900992393493652,0.7005853056907654,0.46875,0.0017304420471191406
zero_init,7002,53,0.01,0.690099835395813,0.7005656957626343,0.46875,0.0018473863563222516
zero_init,7002,54,0.01,0.6900998950004578,0.7005576491355896,0.46875,0.001918971530212566
zero_init,7002,55,0.01,0.690099835395813,0.7005608081817627,0.46875,0.001947760607506203
zero_init,7002,56,0.01,0.6900994777679443,0.7005736827850342,0.46875,0.0019367933236628875
zero_init,7002,57,0.01,0.6900989413261414,0.7005956172943115,0.46875,0.0018895864749915905
zero_init,7002,58,0.01,0.6900981068611145,0.7006253004074097,0.46875,0.0018101930579033814
zero_init,7002,59,0.01,0.6900972723960876,0.7006614804267883,0.46875,0.0017026066853122455
zero_init,7002,60,0.01,0.690096378326416,0.700702965259552,0.46875,0.0015714764493298037
zero_init,7002,61,0.01,0.6900955438613892,0.7007488012313843,0.46875,0.0014212131300262107
zero_init,7002,62,0.01,0.6900946497917175,0.7007975578308105,0.46875,0.0012563466969200575
zero_init,7002,63,0.01,0.6900939345359802,0.700847864151001,0.46875,0.0010814070685172773
zero_init,7002,64,0.01,0.6900933384895325,0.7008988857269287,0.46875,0.0009006857852287008
zero_init,7002,65,0.01,0.6900929808616638,0.700949490070343,0.46875,0.0007182359596505698
zero_init,7002,66,0.01,0.6900925040245056,0.7009986042976379,0.46875,0.000537872314453125
zero_init,7002,67,0.01,0.6900923848152161,0.7010453939437866,0.46875,0.0003631114959716797
zero_init,7002,68,0.01,0.6900923252105713,0.7010891437530518,0.46875,0.00019699335098266602
zero_init,7002,69,0.01,0.6900922060012817,0.7011290788650513,0.46875,4.214048385620117e-05
zero_init,7002,70,0.01,0.6900923848152161,0.7011649012565613,0.46875,9.912252426147461e-05
zero_init,7002,71,0.01,0.6900925636291504,0.7011958956718445,0.46875,0.0002251267433166504
zero_init,7002,72,0.01,0.6900926232337952,0.7012220025062561,0.46875,0.0003344416565233066
zero_init,7002,73,0.01,0.6900928020477295,0.7012431025505066,0.46875,0.00042623281062124425
zero_init,7002,74,0.01,0.690092921257019,0.7012589573860168,0.46875,0.0005000829554570302
zero_init,7002,75,0.01,0.6900931000709534,0.7012699246406555,0.46875,0.0005559325186247941
zero_init,7002,76,0.01,0.6900930404663086,0.7012760639190674,0.46875,0.0005941987007763694
zero_init,7002,77,0.01,0.6900931000709534,0.7012776136398315,0.46875,0.0006155371637095945
zero_init,7002,78,0.01,0.6900930404663086,0.7012749910354614,0.46875,0.0006210803985595703
zero_init,7002,79,0.01,0.690092921257019,0.7012685537338257,0.46875,0.0006119012716521116
zero_init,7002,80,0.01,0.6900928616523743,0.7012590169906616,0.46875,0.0005896091461181641
zero_init,7002,81,0.01,0.6900928616523743,0.7012466788291931,0.46875,0.0005558729043928256
zero_init,7002,82,0.01,0.6900928020477295,0.7012320160865784,0.46875,0.0005124211276674376
zero_init,7002,83,0.01,0.6900925636291504,0.7012156844139099,0.46875,0.0004611015319824219
zero_init,7002,84,0.01,0.6900925636291504,0.7011982202529907,0.46875,0.0004038214639544047
zero_init,7002,85,0.01,0.6900924444198608,0.701180100440979,0.46875,0.0003424286790470956
zero_init,7002,86,0.01,0.6900923848152161,0.701161801815033,0.46875,0.00027865170795012277
zero_init,7002,87,0.01,0.6900922656059265,0.7011438012123108,0.46875,0.0002143383026123047
zero_init,7002,88,0.01,0.6900923252105713,0.7011265158653259,0.46875,0.00015091896057128906
zero_init,7002,89,0.01,0.6900923252105713,0.7011102437973022,0.46875,8.976459503173828e-05
zero_init,7002,90,0.01,0.6900923252105713,0.7010952830314636,0.46875,3.230571746826172e-05
zero_init,7002,91,0.01,0.6900922656059265,0.7010818719863892,0.46875,2.0503997802734375e-05
zero_init,7002,92,0.01,0.6900923252105713,0.7010703086853027,0.46875,6.783008575439453e-05
zero_init,7002,93,0.01,0.6900924444198608,0.7010605335235596,0.46875,0.00010895729064941406
zero_init,7002,94,0.01,0.6900922656059265,0.701052725315094,0.46875,0.00014352798461914062
zero_init,7002,95,0.01,0.6900925040245056,0.7010468244552612,0.46875,0.00017118453979492188
zero_init,7002,96,0.01,0.6900924444198608,0.701042890548706,0.46875,0.0001919269561767578
zero_init,7002,97,0.01,0.6900923848152161,0.7010408043861389,0.46875,0.00020581483840942383
zero_init,7002,98,0.01,0.6900923252105713,0.701040506362915,0.46875,0.00021314620971679688
zero_init,7002,99,0.01,0.6900924444198608,0.7010417580604553,0.46875,0.0002143383026123047
zero_init,7002,100,0.01,0.6900923848152161,0.7010443806648254,0.46875,0.00020992755889892578
zero_init,7002,101,0.01,0.6900923848152161,0.7010483741760254,0.46875,0.00020045042037963867
zero_init,7002,102,0.01,0.6900923848152161,0.701053261756897,0.46875,0.00018674135208129883
zero_init,7002,103,0.01,0.6900924444198608,0.7010588645935059,0.46875,0.00016939640045166016
zero_init,7002,104,0.01,0.6900922656059265,0.701065182685852,0.46875,0.00014925003051757812
zero_init,7002,105,0.01,0.6900923252105713,0.7010717391967773,0.46875,0.0001271367073059082
zero_init,7002,106,0.01,0.6900923252105713,0.7010785341262817,0.46875,0.00010371208190917969
zero_init,7002,107,0.01,0.6900923252105713,0.701085090637207,0.46875,7.981061935424805e-05
zero_init,7002,108,0.01,0.6900923252105713,0.7010917663574219,0.46875,5.602836608886719e-05
zero_init,7002,109,0.01,0.6900923252105713,0.7010979652404785,0.46875,3.3020973205566406e-05
zero_init,7002,110,0.01,0.6900923252105713,0.7011035084724426,0.46875,1.1324882507324219e-05
zero_init,7002,111,0.01,0.6900922656059265,0.7011085152626038,0.46875,8.64267349243164e-06
zero_init,7002,112,0.01,0.6900922656059265,0.7011128067970276,0.46875,2.6404857635498047e-05
zero_init,7002,113,0.01,0.6900923848152161,0.7011165022850037,0.46875,4.178285598754883e-05
zero_init,7002,114,0.01,0.6900923252105713,0.7011193633079529,0.46875,5.453824996948242e-05
zero_init,7002,115,0.01,0.6900923252105713,0.70112144947052,0.46875,6.455183029174805e-05
zero_init,7002,116,0.01,0.6900923252105713,0.7011227607727051,0.46875,7.18235969543457e-05
zero_init,7002,117,0.01,0.6900923848152161,0.7011232972145081,0.46875,7.635354995727539e-05
zero_init,7002,118,0.01,0.6900922656059265,0.7011231184005737,0.46875,7.832050323486328e-05
zero_init,7002,119,0.01,0.6900922656059265,0.7011224031448364,0.46875,7.790327072143555e-05
zero_init,7002,120,0.01,0.6900923252105713,0.7011210918426514,0.46875,7.528066635131836e-05
zero_init,7003,1,0.01,0.6927690505981445,0.6934722065925598,0.46875,0.0390625
zero_init,7003,2,0.01,0.692416787147522,0.693821370601654,0.46875,0.03656250240201616
zero_init,7003,3,0.01,0.6920904517173767,0.6941938400268555,0.46875,0.03406834518846968
zero_init,7003,4,0.01,0.6917906999588013,0.6945884823799133,0.46875,0.031584442040171384
zero_init,7003,5,0.01,0.6915175318717957,0.6950041651725769,0.46875,0.029115855744028325
zero_init,7003,6,0.01,0.6912708282470703,0.6954389214515686,0.46875,0.02666795244561459
zero_init,7003,7,0.01,0.6910503506660461,0.6958907246589661,0.46875,0.024246931215538937
zero_init,7003,8,0.01,0.690855860710144,0.696357250213623,0.46875,0.021859228566703838
zero_init,7003,9,0.01,0.6906867623329163,0.6968358159065247,0.46875,0.019511997897019514
zero_init,7003,10,0.01,0.6905419826507568,0.6973231434822083,0.46875,0.0172129869126696
zero_init,7003,11,0.01,0.690420925617218,0.6978160738945007,0.46875,0.014970362294529542
zero_init,7003,12,0.01,0.6903217434883118,0.698310375213623,0.46875,0.012792766297354605
zero_init,7003,13,0.01,0.6902433037757874,0.6988019943237305,0.46875,0.010689199005194437
zero_init,7003,14,0.01,0.6901836395263672,0.6992866396903992,0.46875,0.008668899326303478
zero_init,7003,15,0.01,0.6901409029960632,0.6997597813606262,0.46875,0.006741225788754115
zero_init,7003,16,0.01,0.6901128888130188,0.70021653175354,0.46875,0.004915356588343987
zero_init,7003,17,0.01,0.6900975704193115,0.7006524205207825,0.46875,0.003200292578399301
zero_init,7003,18,0.01,0.6900923252105713,0.7010630369186401,0.46875,0.00160413980373273
zero_init,7003,19,0.01,0.6900952458381653,0.7014443278312683,0.46875,0.00013446807861328125
zero_init,7003,20,0.01,0.6901038885116577,0.7017925381660461,0.46875,0.0012024640977896747
zero_init,7003,21,0.01,0.6901164054870605,0.7021046876907349,0.46875,0.0024015307833274934
zero_init,7003,22,0.01,0.6901308298110962,0.7023782134056091,0.46875,0.003459334322124449
zero_init,7003,23,0.01,0.6901456713676453,0.7026116847991943,0.46875,0.004373967549677509
zero_init,7003,24,0.01,0.6901594400405884,0.702803909778595,0.46875,0.005145311305876553
zero_init,7003,25,0.01,0.690171480178833,0.7029551267623901,0.46875,0.005774855740440498
zero_init,7003,26,0.01,0.6901806592941284,0.7030656337738037,0.46875,0.006265819088315864
zero_init,7003,27,0.01,0.6901869177818298,0.7031369209289551,0.46875,0.006622970071763936
zero_init,7003,28,0.01,0.6901899576187134,0.7031710743904114,0.46875,0.006852507465781558
zero_init,7003,29,0.01,0.6901898384094238,0.7031702995300293,0.46875,0.006961822509765625
zero_init,7003,30,0.01,0.6901870369911194,0.7031375765800476,0.46875,0.0069592593974746614
zero_init,7003,31,0.01,0.6901816129684448,0.7030760645866394,0.46875,0.0068541764041590725
zero_init,7003,32,0.01,0.6901742815971375,0.7029892802238464,0.46875,0.006656408442301148
zero_init,7003,33,0.01,0.6901654005050659,0.702880859375,0.46875,0.006376445344406846
zero_init,7003,34,0.01,0.6901558041572571,0.7027543783187866,0.46875,0.006024956579356119
zero_init,7003,35,0.01,0.69014573097229,0.702613353729248,0.46875,0.005612790700713733
zero_init,7003,36,0.01,0.6901358366012573,0.7024614214897156,0.46875,0.005150794894623328
zero_init,7003,37,0.01,0.6901264786720276,0.7023019790649414,0.46875,0.004649817885122839
zero_init,7003,38,0.01,0.6901180148124695,0.7021382451057434,0.46875,0.004120349856441653
zero_init,7003,39,0.01,0.6901106834411621,0.7019734382629395,0.46875,0.0035725832602025395
zero_init,7003,40,0.01,0.6901044845581055,0.7018099427223206,0.46875,0.0030163526134576145
zero_init,7003,41,0.01,0.6900997161865234,0.7016503214836121,0.46875,0.0024607777415053007
zero_init,7003,42,0.01,0.6900961995124817,0.7014970183372498,0.46875,0.0019144415697669465
zero_init,7003,43,0.01,0.6900938749313354,0.7013518214225769,0.46875,0.001385331189772951
zero_init,7003,44,0.01,0.6900926232337952,0.7012163400650024,0.46875,0.0008804798126220703
zero_init,7003,45,0.01,0.6900922656059265,0.7010919451713562,0.46875,0.00040608644048040454
zero_init,7003,46,0.01,0.6900925636291504,0.700979471206665,0.46875,3.248453140258789e-05
zero_init,7003,47,0.01,0.6900935173034668,0.7008801698684692,0.46875,0.00043076276366800064
zero_init,7003,48,0.01,0.6900947093963623,0.7007940411567688,0.46875,0.0007852911926537357
zero_init,7003,49,0.01,0.6900959610939026,0.7007215619087219,0.46875,0.001093625996350358
zero_init,7003,50,0.01,0.6900972723960876,0.7006629109382629,0.46875,0.001354217529296875
zero_init,7003,51,0.01,0.6900984048843384,0.7006175518035889,0.46875,0.0015664100646972656
zero_init,7003,52,0.01,0.6900992393493652,0.7005853056907654,0.46875,0.0017304420471191406
zero_init,7003,53,0.01,0.690099835395813,0.7005656957626343,0.46875,0.0018473863563222516
zero_init,7003,54,0.01,0.6900998950004578,0.7005576491355896,0.46875,0.001918971530212566
zero_init,7003,55,0.01,0.690099835395813,0.7005608081817627,0.46875,0.001947760607506203
zero_init,7003,56,0.01,0.6900994777679443,0.7005736827850342,0.46875,0.0019367933236628875
zero_init,7003,57,0.01,0.6900989413261414,0.7005956172943115,0.46875,0.0018895864749915905
zero_init,7003,58,0.01,0.6900981068611145,0.7006253004074097,0.46875,0.0018101930579033814
zero_init,7003,59,0.01,0.6900972723960876,0.7006614804267883,0.46875,0.0017026066853122455
zero_init,7003,60,0.01,0.690096378326416,0.700702965259552,0.46875,0.0015714764493298037
zero_init,7003,61,0.01,0.6900955438613892,0.7007488012313843,0.46875,0.0014212131300262107
zero_init,7003,62,0.01,0.6900946497917175,0.7007975578308105,0.46875,0.0012563466969200575
zero_init,7003,63,0.01,0.6900939345359802,0.700847864151001,0.46875,0.0010814070685172773
zero_init,7003,64,0.01,0.6900933384895325,0.7008988857269287,0.46875,0.0009006857852287008
zero_init,7003,65,0.01,0.6900929808616638,0.700949490070343,0.46875,0.0007182359596505698
zero_init,7003,66,0.01,0.6900925040245056,0.7009986042976379,0.46875,0.000537872314453125
zero_init,7003,67,0.01,0.6900923848152161,0.7010453939437866,0.46875,0.0003631114959716797
zero_init,7003,68,0.01,0.6900923252105713,0.7010891437530518,0.46875,0.00019699335098266602
zero_init,7003,69,0.01,0.6900922060012817,0.7011290788650513,0.46875,4.214048385620117e-05
zero_init,7003,70,0.01,0.6900923848152161,0.7011649012565613,0.46875,9.912252426147461e-05
zero_init,7003,71,0.01,0.6900925636291504,0.7011958956718445,0.46875,0.0002251267433166504
zero_init,7003,72,0.01,0.6900926232337952,0.7012220025062561,0.46875,0.0003344416565233066
zero_init,7003,73,0.01,0.6900928020477295,0.7012431025505066,0.46875,0.00042623281062124425
zero_init,7003,74,0.01,0.690092921257019,0.7012589573860168,0.46875,0.0005000829554570302
zero_init,7003,75,0.01,0.6900931000709534,0.7012699246406555,0.46875,0.0005559325186247941
zero_init,7003,76,0.01,0.6900930404663086,0.7012760639190674,0.46875,0.0005941987007763694
zero_init,7003,77,0.01,0.6900931000709534,0.7012776136398315,0.46875,0.0006155371637095945
zero_init,7003,78,0.01,0.6900930404663086,0.7012749910354614,0.46875,0.0006210803985595703
zero_init,7003,79,0.01,0.690092921257019,0.7012685537338257,0.46875,0.0006119012716521116
zero_init,7003,80,0.01,0.6900928616523743,0.7012590169906616,0.46875,0.0005896091461181641
zero_init,7003,81,0.01,0.6900928616523743,0.7012466788291931,0.46875,0.0005558729043928256
zero_init,7003,82,0.01,0.6900928020477295,0.7012320160865784,0.46875,0.0005124211276674376
zero_init,7003,83,0.01,0.6900925636291504,0.7012156844139099,0.46875,0.0004611015319824219
zero_init,7003,84,0.01,0.6900925636291504,0.7011982202529907,0.46875,0.0004038214639544047
zero_init,7003,85,0.01,0.6900924444198608,0.701180100440979,0.46875,0.0003424286790470956
zero_init,7003,86,0.01,0.6900923848152161,0.701161801815033,0.46875,0.00027865170795012277
zero_init,7003,87,0.01,0.6900922656059265,0.7011438012123108,0.46875,0.0002143383026123047
zero_init,7003,88,0.01,0.6900923252105713,0.7011265158653259,0.46875,0.00015091896057128906
zero_init,7003,89,0.01,0.6900923252105713,0.7011102437973022,0.46875,8.976459503173828e-05
zero_init,7003,90,0.01,0.6900923252105713,0.7010952830314636,0.46875,3.230571746826172e-05
zero_init,7003,91,0.01,0.6900922656059265,0.7010818719863892,0.46875,2.0503997802734375e-05
zero_init,7003,92,0.01,0.6900923252105713,0.7010703086853027,0.46875,6.783008575439453e-05
zero_init,7003,93,0.01,0.6900924444198608,0.7010605335235596,0.46875,0.00010895729064941406
zero_init,7003,94,0.01,0.6900922656059265,0.701052725315094,0.46875,0.00014352798461914062
zero_init,7003,95,0.01,0.6900925040245056,0.7010468244552612,0.46875,0.00017118453979492188
zero_init,7003,96,0.01,0.6900924444198608,0.701042890548706,0.46875,0.0001919269561767578
zero_init,7003,97,0.01,0.6900923848152161,0.7010408043861389,0.46875,0.00020581483840942383
zero_init,7003,98,0.01,0.6900923252105713,0.701040506362915,0.46875,0.00021314620971679688
zero_init,7003,99,0.01,0.6900924444198608,0.7010417580604553,0.46875,0.0002143383026123047
zero_init,7003,100,0.01,0.6900923848152161,0.7010443806648254,0.46875,0.00020992755889892578
zero_init,7003,101,0.01,0.6900923848152161,0.7010483741760254,0.46875,0.00020045042037963867
zero_init,7003,102,0.01,0.6900923848152161,0.701053261756897,0.46875,0.00018674135208129883
zero_init,7003,103,0.01,0.6900924444198608,0.7010588645935059,0.46875,0.00016939640045166016
zero_init,7003,104,0.01,0.6900922656059265,0.701065182685852,0.46875,0.00014925003051757812
zero_init,7003,105,0.01,0.6900923252105713,0.7010717391967773,0.46875,0.0001271367073059082
zero_init,7003,106,0.01,0.6900923252105713,0.7010785341262817,0.46875,0.00010371208190917969
zero_init,7003,107,0.01,0.6900923252105713,0.701085090637207,0.46875,7.981061935424805e-05
zero_init,7003,108,0.01,0.6900923252105713,0.7010917663574219,0.46875,5.602836608886719e-05
zero_init,7003,109,0.01,0.6900923252105713,0.7010979652404785,0.46875,3.3020973205566406e-05
zero_init,7003,110,0.01,0.6900923252105713,0.7011035084724426,0.46875,1.1324882507324219e-05
zero_init,7003,111,0.01,0.6900922656059265,0.7011085152626038,0.46875,8.64267349243164e-06
zero_init,7003,112,0.01,0.6900922656059265,0.7011128067970276,0.46875,2.6404857635498047e-05
zero_init,7003,113,0.01,0.6900923848152161,0.7011165022850037,0.46875,4.178285598754883e-05
zero_init,7003,114,0.01,0.6900923252105713,0.7011193633079529,0.46875,5.453824996948242e-05
zero_init,7003,115,0.01,0.6900923252105713,0.70112144947052,0.46875,6.455183029174805e-05
zero_init,7003,116,0.01,0.6900923252105713,0.7011227607727051,0.46875,7.18235969543457e-05
zero_init,7003,117,0.01,0.6900923848152161,0.7011232972145081,0.46875,7.635354995727539e-05
zero_init,7003,118,0.01,0.6900922656059265,0.7011231184005737,0.46875,7.832050323486328e-05
zero_init,7003,119,0.01,0.6900922656059265,0.7011224031448364,0.46875,7.790327072143555e-05
zero_init,7003,120,0.01,0.6900923252105713,0.7011210918426514,0.46875,7.528066635131836e-05
sgd,7001,1,0.01,0.7615965604782104,0.7551683187484741,0.5078125,1.0733769225283676
sgd,7001,2,0.01,0.7506521940231323,0.7447674870491028,0.5078125,1.0511870046187382
sgd,7001,3,0.01,0.7401120066642761,0.7347033023834229,0.515625,1.0311555179072378
sgd,7001,4,0.01,0.729934811592102,0.7249471545219421,0.51953125,1.0139558700694222
sgd,7001,5,0.01,0.7201533317565918,0.7154937386512756,0.53125,0.993040709562124
sgd,7001,6,0.01,0.7107218503952026,0.7063288688659668,0.546875,0.9756620386253256
sgd,7001,7,0.01,0.7016401290893555,0.6974362134933472,0.5703125,0.9577239884287782
sgd,7001,8,0.01,0.6929177641868591,0.6888456344604492,0.62890625,0.9382308842817378
sgd,7001,9,0.01,0.6844854354858398,0.680517852306366,0.63671875,0.9211005463654774
sgd,7001,10,0.01,0.6763153076171875,0.6724082231521606,0.63671875,0.9091047045818093
sgd,7001,11,0.01,0.6684757471084595,0.6645718812942505,0.6484375,0.8896125293932294
sgd,7001,12,0.01,0.6609090566635132,0.6569595336914062,0.64453125,0.8733796351203033
sgd,7001,13,0.01,0.6536099314689636,0.6495713591575623,0.6484375,0.8583668178402495
sgd,7001,14,0.01,0.646551787853241,0.6423895359039307,0.65234375,0.8438494010329377
sgd,7001,15,0.01,0.6397387981414795,0.6354198455810547,0.65234375,0.8288444786297168
sgd,7001,16,0.01,0.633133590221405,0.6286397576332092,0.65234375,0.8162118546836065
sgd,7001,17,0.01,0.6267477869987488,0.6220676898956299,0.65234375,0.8023049893936528
sgd,7001,18,0.01,0.6205484867095947,0.6156759262084961,0.65234375,0.790683371618742
sgd,7001,19,0.01,0.6145550608634949,0.6094650626182556,0.65625,0.777420974314895
sgd,7001,20,0.01,0.6087599396705627,0.6034274101257324,0.65625,0.7644756430655794
sgd,7001,21,0.01,0.6031458973884583,0.5975637435913086,0.65625,0.7515380721759389
sgd,7001,22,0.01,0.5977542996406555,0.591829776763916,0.6640625,0.7410626506551004
sgd,7001,23,0.01,0.5926198363304138,0.5863104462623596,0.66796875,0.7194841379689493
sgd,7001,24,0.01,0.5876666307449341,0.5809417366981506,0.67578125,0.7078508428333965
sgd,7001,25,0.01,0.5829169154167175,0.5757522583007812,0.6796875,0.6919474796853272
sgd,7001,26,0.01,0.5783161520957947,0.5707049369812012,0.6875,0.6809848080310216
sgd,7001,27,0.01,0.5738587379455566,0.5658007860183716,0.69921875,0.6702673474120248
sgd,7001,28,0.01,0.5695391893386841,0.5610347986221313,0.70703125,0.6598036204447956
sgd,7001,29,0.01,0.5653548836708069,0.5564102530479431,0.7109375,0.6495858716282698
sgd,7001,30,0.01,0.5613526105880737,0.5519358515739441,0.71875,0.6352342004013971
sgd,7001,31,0.01,0.5574765205383301,0.547580361366272,0.71875,0.62496954631372
sgd,7001,32,0.01,0.5537210702896118,0.5433560013771057,0.72265625,0.6150918430271942
sgd,7001,33,0.01,0.5500921010971069,0.539247989654541,0.72265625,0.6060166267203493
sgd,7001,34,0.01,0.5466110706329346,0.5352660417556763,0.73828125,0.5921373692002196
sgd,7001,35,0.01,0.5432273745536804,0.5313875675201416,0.7421875,0.5836549039022835
sgd,7001,36,0.01,0.5399383902549744,0.5276082158088684,0.7421875,0.5757323853893331
sgd,7001,37,0.01,0.5367496013641357,0.5239233374595642,0.7421875,0.566769208617351
sgd,7001,38,0.01,0.5336565375328064,0.5203310251235962,0.7421875,0.5583333491370895
sgd,7001,39,0.01,0.5306532979011536,0.5168331861495972,0.76171875,0.5501746606454809
sgd,7001,40,0.01,0.5277435779571533,0.513431191444397,0.765625,0.5412653441823468
sgd,7001,41,0.01,0.5249115824699402,0.5101121664047241,0.76953125,0.53394719470017
sgd,7001,42,0.01,0.5221540927886963,0.5068768858909607,0.7734375,0.5268481663294187
sgd,7001,43,0.01,0.5194786190986633,0.5037181377410889,0.78125,0.5199328352516657
sgd,7001,44,0.01,0.5168935060501099,0.5006445646286011,0.78125,0.5100705887521428
sgd,7001,45,0.01,0.5143735408782959,0.4976392388343811,0.796875,0.5035858060671907
sgd,7001,46,0.01,0.5119237899780273,0.4947015047073364,0.796875,0.496719488668245
sgd,7001,47,0.01,0.5095360279083252,0.4918286204338074,0.796875,0.4901510840878061
sgd,7001,48,0.01,0.5072087645530701,0.4890165328979492,0.796875,0.4841562609277515
sgd,7001,49,0.01,0.5049573183059692,0.4862695336341858,0.80078125,0.47691384600615605
sgd,7001,50,0.01,0.5027747750282288,0.48358672857284546,0.8125,0.46894306891969934
sgd,7001,51,0.01,0.5006507635116577,0.48096194863319397,0.82421875,0.4625139389427512
sgd,7001,52,0.01,0.49858301877975464,0.4783872961997986,0.828125,0.45615820187278106
sgd,7001,53,0.01,0.4965658485889435,0.4758692979812622,0.828125,0.45080426163226717
sgd,7001,54,0.01,0.494600385427475,0.4734119772911072,0.83203125,0.44454190764887946
sgd,7001,55,0.01,0.4926772117614746,0.47100239992141724,0.8359375,0.43972450718164696
sgd,7001,56,0.01,0.49079471826553345,0.46863818168640137,0.83984375,0.4350224251381768
sgd,7001,57,0.01,0.48895174264907837,0.4663163423538208,0.83984375,0.4304325994576256
sgd,7001,58,0.01,0.4871489405632019,0.46403932571411133,0.84375,0.4259517523375136
sgd,7001,59,0.01,0.48538607358932495,0.4618036448955536,0.84765625,0.4209271807547807
sgd,7001,60,0.01,0.48365840315818787,0.45960548520088196,0.8515625,0.4166857207571493
sgd,7001,61,0.01,0.481964111328125,0.4574427008628845,0.85546875,0.4126236783940847
sgd,7001,62,0.01,0.48030245304107666,0.4553167223930359,0.8515625,0.4086487988853027
sgd,7001,63,0.01,0.4786789119243622,0.45322778820991516,0.8515625,0.40411768892499433
sgd,7001,64,0.01,0.4770914912223816,0.45117342472076416,0.8515625,0.39935828184623573
sgd,7001,65,0.01,0.4755336344242096,0.44915276765823364,0.8515625,0.39565010583345106
sgd,7001,66,0.01,0.4740050733089447,0.44716426730155945,0.8515625,0.39184882353642425
sgd,7001,67,0.01,0.47250398993492126,0.44520634412765503,0.8515625,0.38831247088700094
sgd,7001,68,0.01,0.4710294008255005,0.4432792365550995,0.859375,0.3848544935450904
sgd,7001,69,0.01,0.4695805013179779,0.4413815140724182,0.859375,0.38147239462873106
sgd,7001,70,0.01,0.468156635761261,0.43951088190078735,0.8671875,0.3781639601375514
sgd,7001,71,0.01,0.46675732731819153,0.4376683235168457,0.8671875,0.37487481963582703
sgd,7001,72,0.01,0.4653816819190979,0.43585139513015747,0.8671875,0.37167777201539315
sgd,7001,73,0.01,0.464028924703598,0.43405938148498535,0.8671875,0.36857506620212294
sgd,7001,74,0.01,0.4626995921134949,0.4322919547557831,0.87109375,0.3654951811337262
sgd,7001,75,0.01,0.4613927900791168,0.4305502474308014,0.87109375,0.36221841753964795
sgd,7001,76,0.01,0.4601067900657654,0.4288311302661896,0.87109375,0.3593216886803142
sgd,7001,77,0.01,0.45883703231811523,0.42713403701782227,0.875,0.356483958179172
sgd,7001,78,0.01,0.45758044719696045,0.4254481792449951,0.87890625,0.35539530818090054
sgd,7001,79,0.01,0.45634597539901733,0.4237842559814453,0.8828125,0.3520276514906009
sgd,7001,80,0.01,0.45513051748275757,0.42214202880859375,0.8828125,0.3493121083104221
sgd,7001,81,0.01,0.4539344608783722,0.4205200970172882,0.8828125,0.34665037890912814
sgd,7001,82,0.01,0.4527602791786194,0.4189216196537018,0.8828125,0.34335423486276245
sgd,7001,83,0.01,0.45160382986068726,0.4173416197299957,0.890625,0.3406702939800928
sgd,7001,84,0.01,0.45046380162239075,0.4157804846763611,0.890625,0.33825944304451006
sgd,7001,85,0.01,0.44934001564979553,0.4142378270626068,0.890625,0.33582196448997226
sgd,7001,86,0.01,0.44823214411735535,0.41271311044692993,0.89453125,0.3334298144130097
sgd,7001,87,0.01,0.4471402168273926,0.41120561957359314,0.89453125,0.331106559213509
sgd,7001,88,0.01,0.4460682272911072,0.40971842408180237,0.89453125,0.3279715846869351
sgd,7001,89,0.01,0.4450111389160156,0.4082481265068054,0.89453125,0.3257211740529187
sgd,7001,90,0.01,0.44396787881851196,0.40679457783699036,0.89453125,0.323370854397585
sgd,7001,91,0.01,0.4429354667663574,0.4053577482700348,0.89453125,0.3218523899995155
sgd,7001,92,0.01,0.44191670417785645,0.40393638610839844,0.89453125,0.3197022300496531
sgd,7001,93,0.01,0.4409111738204956,0.40253058075904846,0.89453125,0.3176151533852515
sgd,7001,94,0.01,0.4399193823337555,0.4011395573616028,0.89453125,0.3155637455199779
sgd,7001,95,0.01,0.43894118070602417,0.3997644782066345,0.89453125,0.3132661041215117
sgd,7001,96,0.01,0.437975138425827,0.398403525352478,0.89453125,0.3112923810583823
sgd,7001,97,0.01,0.43702104687690735,0.3970560133457184,0.89453125,0.3093581611439866
sgd,7001,98,0.01,0.4360789656639099,0.39572203159332275,0.89453125,0.30744840834891446
sgd,7001,99,0.01,0.4351484477519989,0.3944016993045807,0.89453125,0.3055124573372169
sgd,7001,100,0.01,0.43422964215278625,0.39309439063072205,0.89453125,0.3036637478576017
sgd,7001,101,0.01,0.4333225190639496,0.3918009400367737,0.89453125,0.3016280124080863
sgd,7001,102,0.01,0.4324260950088501,0.3905200660228729,0.89453125,0.2998436103618188
sgd,7001,103,0.01,0.4315372109413147,0.38925161957740784,0.89453125,0.2980864711940127
sgd,7001,104,0.01,0.430654913187027,0.3879905939102173,0.89453125,0.29746276245223474
sgd,7001,105,0.01,0.42978280782699585,0.386742502450943,0.89453125,0.29573633288678347
sgd,7001,106,0.01,0.4289206862449646,0.3855069875717163,0.89453125,0.29403561624995156
sgd,7001,107,0.01,0.42806845903396606,0.3842831254005432,0.8984375,0.2923599209651246
sgd,7001,108,0.01,0.42722582817077637,0.38307058811187744,0.8984375,0.29068055528288494
sgd,7001,109,0.01,0.42639321088790894,0.38186928629875183,0.8984375,0.28905341736043605
sgd,7001,110,0.01,0.4255717694759369,0.38068073987960815,0.8984375,0.2871628058204041
sgd,7001,111,0.01,0.4247628450393677,0.37950289249420166,0.8984375,0.284802220529996
sgd,7001,112,0.01,0.42396265268325806,0.3783366084098816,0.90625,0.2832544779540673
sgd,7001,113,0.01,0.4231716990470886,0.3771808445453644,0.90625,0.28172789683451377
sgd,7001,114,0.01,0.42239001393318176,0.3760422468185425,0.90625,0.2799560636944702
sgd,7001,115,0.01,0.4216166138648987,0.37491413950920105,0.91015625,0.2784696119584615
sgd,7001,116,0.01,0.42085134983062744,0.37379682064056396,0.91015625,0.27699566228763284
sgd,7001,117,0.01,0.4200940430164337,0.3726896643638611,0.90625,0.2755483123578026
sgd,7001,118,0.01,0.4193444550037384,0.37159204483032227,0.90625,0.2741197219017128
sgd,7001,119,0.01,0.4186021685600281,0.370503693819046,0.91015625,0.27281475061637994
sgd,7001,120,0.01,0.4178710877895355,0.36943021416664124,0.91015625,0.2707296218331522
sgd,7002,1,0.01,0.7736984491348267,0.8455700874328613,0.3203125,0.7769871350794826
sgd,7002,2,0.01,0.767935574054718,0.8393970727920532,0.31640625,0.7618471835139157
sgd,7002,3,0.01,0.762351930141449,0.833406925201416,0.31640625,0.7506293605991241
sgd,7002,4,0.01,0.7569867968559265,0.8276169896125793,0.31640625,0.7358765428424495
sgd,7002,5,0.01,0.7518118619918823,0.8220163583755493,0.3203125,0.7224973284756956
sgd,7002,6,0.01,0.7468074560165405,0.8165873885154724,0.3203125,0.7101440423130221
sgd,7002,7,0.01,0.741945743560791,0.8112931847572327,0.3203125,0.7000880159184435
sgd,7002,8,0.01,0.7372323870658875,0.806149959564209,0.32421875,0.6892299078002717
sgd,7002,9,0.01,0.7326623797416687,0.8011477589607239,0.32421875,0.6785815300830451
sgd,7002,10,0.01,0.7282106876373291,0.796276867389679,0.33203125,0.6684531280704563
sgd,7002,11,0.01,0.7238691449165344,0.7915177941322327,0.33203125,0.6612912344627894
sgd,7002,12,0.01,0.7196464538574219,0.7868820428848267,0.3359375,0.6515034600250713
sgd,7002,13,0.01,0.7155272960662842,0.7823523283004761,0.33984375,0.6439300903459726
sgd,7002,14,0.01,0.7115135788917542,0.7779229283332825,0.359375,0.6355541862461151
sgd,7002,15,0.01,0.7075993418693542,0.7735979557037354,0.39453125,0.6275644673367663
sgd,7002,16,0.01,0.7037790417671204,0.7693668603897095,0.41796875,0.6199328011374364
sgd,7002,17,0.01,0.7000474333763123,0.7652192711830139,0.453125,0.6126328107050243
sgd,7002,18,0.01,0.6963998675346375,0.7611532807350159,0.47265625,0.6056417404586466
sgd,7002,19,0.01,0.6928352117538452,0.7571698427200317,0.50390625,0.5989338812380631
sgd,7002,20,0.01,0.6893541216850281,0.7532675266265869,0.51953125,0.5915275516022451
sgd,7002,21,0.01,0.685937762260437,0.7494239807128906,0.53515625,0.5860041405610648
sgd,7002,22,0.01,0.6825904250144958,0.7456566691398621,0.57421875,0.5800169646005978
sgd,7002,23,0.01,0.6793090105056763,0.7419460415840149,0.58984375,0.574243944371181
sgd,7002,24,0.01,0.6760829091072083,0.738297164440155,0.59375,0.5686695452408667
sgd,7002,25,0.01,0.6728836894035339,0.7346903085708618,0.60546875,0.5668513534590255
sgd,7002,26,0.01,0.6697359085083008,0.7311438918113708,0.6171875,0.5617002675224972
sgd,7002,27,0.01,0.6666348576545715,0.727632999420166,0.6328125,0.5581131606685804
sgd,7002,28,0.01,0.6635811924934387,0.7241717576980591,0.6328125,0.5538135474277258
sgd,7002,29,0.01,0.6605859994888306,0.7207689881324768,0.640625,0.5489709812866532
sgd,7002,30,0.01,0.6576650142669678,0.7174327969551086,0.64453125,0.5416190869364097
sgd,7002,31,0.01,0.6547930240631104,0.7141450643539429,0.65234375,0.5370320240589681
sgd,7002,32,0.01,0.6519684195518494,0.7109043598175049,0.65625,0.5325650133159151
sgd,7002,33,0.01,0.6491895914077759,0.7077081203460693,0.6640625,0.5282108907284938
sgd,7002,34,0.01,0.6464551091194153,0.7045581340789795,0.671875,0.5239630626566503
sgd,7002,35,0.01,0.6437589526176453,0.7014480829238892,0.67578125,0.5198795417846781
sgd,7002,36,0.01,0.6411023139953613,0.698383092880249,0.67578125,0.5164338526512142
sgd,7002,37,0.01,0.6384861469268799,0.6953582167625427,0.67578125,0.512455138649565
sgd,7002,38,0.01,0.6359095573425293,0.6923736333847046,0.6796875,0.5085622932847796
sgd,7002,39,0.01,0.6333733797073364,0.6894259452819824,0.6796875,0.5047509515359405
sgd,7002,40,0.01,0.6308795809745789,0.6865178346633911,0.6796875,0.5003031012415413
sgd,7002,41,0.01,0.6284218430519104,0.6836442947387695,0.6796875,0.49665182531836555
sgd,7002,42,0.01,0.6259993314743042,0.6808050274848938,0.68359375,0.4930728663973101
sgd,7002,43,0.01,0.6236106157302856,0.6779989004135132,0.6875,0.48956294928297195
sgd,7002,44,0.01,0.6212767362594604,0.6752194762229919,0.6875,0.48416266118073764
sgd,7002,45,0.01,0.6189775466918945,0.6724750995635986,0.69140625,0.4803082465291468
sgd,7002,46,0.01,0.6167104840278625,0.669762134552002,0.6953125,0.47707686345633693
sgd,7002,47,0.01,0.6144791841506958,0.6670836210250854,0.6953125,0.47312656364535277
sgd,7002,48,0.01,0.6122769117355347,0.6644341349601746,0.6953125,0.47002316256443394
sgd,7002,49,0.01,0.6101022958755493,0.6618126630783081,0.6953125,0.46715948142342445
sgd,7002,50,0.01,0.6079590320587158,0.6592200398445129,0.6953125,0.46369399099945935
sgd,7002,51,0.01,0.6058428883552551,0.6566557288169861,0.6953125,0.4607420974133441
sgd,7002,52,0.01,0.6037579774856567,0.654118537902832,0.6953125,0.4578374742142322
sgd,7002,53,0.01,0.6017054319381714,0.6516091227531433,0.703125,0.4537420648206996
sgd,7002,54,0.01,0.5996782183647156,0.6491256952285767,0.703125,0.45095167563763017
sgd,7002,55,0.01,0.5976753234863281,0.6466702222824097,0.7109375,0.44816542715636914
sgd,7002,56,0.01,0.5956935286521912,0.6442409753799438,0.7109375,0.44586126665607584
sgd,7002,57,0.01,0.5937415361404419,0.6418421864509583,0.7109375,0.44243027696124637
sgd,7002,58,0.01,0.5918005108833313,0.6394542455673218,0.7109375,0.4412286929310578
sgd,7002,59,0.01,0.5898847579956055,0.6370890736579895,0.71484375,0.4386211003845622
sgd,7002,60,0.01,0.5879950523376465,0.6347512602806091,0.71484375,0.4353425997998334
sgd,7002,61,0.01,0.5861272215843201,0.6324350237846375,0.71484375,0.43280895193828456
sgd,7002,62,0.01,0.5842813849449158,0.6301406621932983,0.71875,0.43031081876763094
sgd,7002,63,0.01,0.5824617743492126,0.6278650164604187,0.71875,0.4271737983027289
sgd,7002,64,0.01,0.5806630849838257,0.6256139874458313,0.71875,0.4247634747124333
sgd,7002,65,0.01,0.5788843035697937,0.6233806610107422,0.71875,0.4223552497750638
sgd,7002,66,0.01,0.5771266222000122,0.6211680769920349,0.71875,0.4199403498156256
sgd,7002,67,0.01,0.5753898620605469,0.6189801692962646,0.71875,0.4172509505029381
sgd,7002,68,0.01,0.5736558437347412,0.6167874932289124,0.71875,0.41701268680625053
sgd,7002,69,0.01,0.5719404816627502,0.6146158576011658,0.71875,0.4147437406748916
sgd,7002,70,0.01,0.5702450275421143,0.6124597787857056,0.71875,0.4124958570161213
sgd,7002,71,0.01,0.5685790181159973,0.6103233695030212,0.71875,0.4086842707212733
sgd,7002,72,0.01,0.5669299364089966,0.608202338218689,0.71875,0.4066657344248565
sgd,7002,73,0.01,0.5652978420257568,0.6061035990715027,0.71875,0.4044976934984287
sgd,7002,74,0.01,0.5636819005012512,0.6040215492248535,0.71875,0.4025594067661348
sgd,7002,75,0.01,0.5620825290679932,0.6019615530967712,0.71875,0.40044284587590834
sgd,7002,76,0.01,0.5604997873306274,0.5999200344085693,0.71875,0.3983609753346229
sgd,7002,77,0.01,0.558933436870575,0.5978923439979553,0.71875,0.3963240477835176
sgd,7002,78,0.01,0.5573833584785461,0.5958817005157471,0.71875,0.39421280538692727
sgd,7002,79,0.01,0.5558491349220276,0.5938884019851685,0.71875,0.39220229913850585
sgd,7002,80,0.01,0.5543303489685059,0.5919075012207031,0.71875,0.3902407119365808
sgd,7002,81,0.01,0.5528356432914734,0.5899355411529541,0.72265625,0.38711788701506206
sgd,7002,82,0.01,0.5513688921928406,0.5879859924316406,0.72265625,0.3834803594888146
sgd,7002,83,0.01,0.5499153137207031,0.5860528349876404,0.72265625,0.38161898599703725
sgd,7002,84,0.01,0.5484765768051147,0.5841225385665894,0.72265625,0.3798100976804831
sgd,7002,85,0.01,0.5470527410507202,0.5822094678878784,0.72265625,0.37780532805407185
sgd,7002,86,0.01,0.5456424355506897,0.5803098678588867,0.72265625,0.3760210972270753
sgd,7002,87,0.01,0.5442454218864441,0.578426718711853,0.71875,0.37420793824564935
sgd,7002,88,0.01,0.5428617000579834,0.5765578746795654,0.72265625,0.37243576684260404
sgd,7002,89,0.01,0.5414909720420837,0.5747008919715881,0.72265625,0.3707100145294671
sgd,7002,90,0.01,0.5401328802108765,0.572859525680542,0.72265625,0.36894691553014974
sgd,7002,91,0.01,0.5387899279594421,0.571031391620636,0.72265625,0.3672276439116723
sgd,7002,92,0.01,0.5374688506126404,0.5692237615585327,0.72265625,0.3639339216385737
sgd,7002,93,0.01,0.5361607074737549,0.5674274563789368,0.72265625,0.3621334862886196
sgd,7002,94,0.01,0.5348587036132812,0.5656460523605347,0.72265625,0.3604394106536884
sgd,7002,95,0.01,0.5335613489151001,0.5638648867607117,0.72265625,0.3606016984872489
sgd,7002,96,0.01,0.5322756767272949,0.5621009469032288,0.72265625,0.35896967234094096
sgd,7002,97,0.01,0.5310035347938538,0.5603481531143188,0.72265625,0.3573806665981327
sgd,7002,98,0.01,0.5297484397888184,0.5586153864860535,0.72265625,0.3546665952407384
sgd,7002,99,0.01,0.528504490852356,0.5568966865539551,0.72265625,0.35309462545898124
sgd,7002,100,0.01,0.5272715091705322,0.5551885366439819,0.72265625,0.3515666995360631
sgd,7002,101,0.01,0.5260498523712158,0.5534936189651489,0.72265625,0.3500007774838525
sgd,7002,102,0.01,0.5248405933380127,0.5518123507499695,0.72265625,0.34813319255654085
sgd,7002,103,0.01,0.5236427783966064,0.5501424074172974,0.72265625,0.34646014394399793
sgd,7002,104,0.01,0.5224553942680359,0.5484851598739624,0.72265625,0.3449691501104625
sgd,7002,105,0.01,0.5212780237197876,0.5468370914459229,0.72265625,0.34352795999854246
sgd,7002,106,0.01,0.5201109051704407,0.5452022552490234,0.72265625,0.34202854505087876
sgd,7002,107,0.01,0.5189576745033264,0.543581485748291,0.72265625,0.3399577658639109
sgd,7002,108,0.01,0.517814040184021,0.5419719219207764,0.72265625,0.3385281532980395
sgd,7002,109,0.01,0.516686201095581,0.5403741002082825,0.72265625,0.3371112168026656
sgd,7002,110,0.01,0.5155770778656006,0.5388050675392151,0.72265625,0.33351693439084196
sgd,7002,111,0.01,0.5144788026809692,0.5372411608695984,0.72265625,0.33174681936424183
sgd,7002,112,0.01,0.513389527797699,0.5356879234313965,0.72265625,0.33038025351964906
sgd,7002,113,0.01,0.512309193611145,0.5341457724571228,0.72265625,0.32902526979305324
sgd,7002,114,0.01,0.5112311840057373,0.5326136946678162,0.72265625,0.32773018104756363
sgd,7002,115,0.01,0.5101506114006042,0.5310753583908081,0.72265625,0.32904782514452174
sgd,7002,116,0.01,0.5090787410736084,0.5295504331588745,0.72265625,0.32772890723703435
sgd,7002,117,0.01,0.5080153346061707,0.5280357599258423,0.72265625,0.3264208889036098
sgd,7002,118,0.01,0.5069609880447388,0.5265341401100159,0.72265625,0.3250297838034116
sgd,7002,119,0.01,0.505918025970459,0.5250442028045654,0.72265625,0.32374269367455444
sgd,7002,120,0.01,0.5048907995223999,0.523571252822876,0.72265625,0.32081722245695865
sgd,7003,1,0.01,0.5624281167984009,0.5631014108657837,0.6640625,0.5624591206971568
sgd,7003,2,0.01,0.5594294667243958,0.5603784918785095,0.66015625,0.5516704806696915
sgd,7003,3,0.01,0.5565651059150696,0.5577682852745056,0.66796875,0.53748944295209
sgd,7003,4,0.01,0.5538098812103271,0.5552466511726379,0.67578125,0.5284140641609812
sgd,7003,5,0.01,0.5511741042137146,0.5528261661529541,0.68359375,0.5154901880527407
sgd,7003,6,0.01,0.5486222505569458,0.5504739880561829,0.68359375,0.5071706948012605
sgd,7003,7,0.01,0.5461491942405701,0.5481902956962585,0.68359375,0.49915527885540223
sgd,7003,8,0.01,0.5437458157539368,0.5459703207015991,0.68359375,0.49215770907539697
sgd,7003,9,0.01,0.5414159297943115,0.5438207387924194,0.6875,0.4845082478040056
sgd,7003,10,0.01,0.5391547679901123,0.5417346954345703,0.6875,0.4772806063014975
sgd,7003,11,0.01,0.5369598865509033,0.5397132635116577,0.69140625,0.470283913466373
sgd,7003,12,0.01,0.5348342657089233,0.5377474427223206,0.69921875,0.4626994779527308
sgd,7003,13,0.01,0.5327690243721008,0.5358315110206604,0.69921875,0.456141514140181
sgd,7003,14,0.01,0.5307626128196716,0.5339652895927429,0.69921875,0.44949132149749593
sgd,7003,15,0.01,0.5288099050521851,0.5321488380432129,0.69921875,0.44330112667013977
sgd,7003,16,0.01,0.5269215106964111,0.530382513999939,0.69921875,0.43582230463621463
sgd,7003,17,0.01,0.5250789523124695,0.5286586880683899,0.703125,0.4306766328144885
sgd,7003,18,0.01,0.5232759714126587,0.5269770622253418,0.703125,0.42497301247186214
sgd,7003,19,0.01,0.521504819393158,0.5253226161003113,0.703125,0.42219178957404724
sgd,7003,20,0.01,0.5197817087173462,0.5237159729003906,0.703125,0.41680619628014537
sgd,7003,21,0.01,0.5181135535240173,0.5221598148345947,0.70703125,0.4108169622568938
sgd,7003,22,0.01,0.5164978504180908,0.5206491351127625,0.7109375,0.403200286966302
sgd,7003,23,0.01,0.5149222612380981,0.5191740989685059,0.70703125,0.39813533947317614
sgd,7003,24,0.01,0.5133753418922424,0.5177327990531921,0.70703125,0.39443074878451473
sgd,7003,25,0.01,0.5118676424026489,0.5163264274597168,0.70703125,0.3898413595537676
sgd,7003,26,0.01,0.510407567024231,0.5149586200714111,0.70703125,0.38375002205032027
sgd,7003,27,0.01,0.5089941024780273,0.5136293172836304,0.70703125,0.3782373603392423
sgd,7003,28,0.01,0.5076291561126709,0.5123352408409119,0.70703125,0.3708494411164254
sgd,7003,29,0.01,0.5063133239746094,0.5110737085342407,0.70703125,0.3655246694009895
sgd,7003,30,0.01,0.5050472021102905,0.5098567605018616,0.70703125,0.35680027819051013
sgd,7003,31,0.01,0.5038084983825684,0.5086649060249329,0.70703125,0.352908732510441
sgd,7003,32,0.01,0.5025993585586548,0.5074974298477173,0.70703125,0.34909203781914416
sgd,7003,33,0.01,0.501420795917511,0.5063576102256775,0.70703125,0.3442060913767736
sgd,7003,34,0.01,0.500266969203949,0.5052398443222046,0.70703125,0.34058149343865596
sgd,7003,35,0.01,0.49913713335990906,0.504144549369812,0.70703125,0.3369462870307654
sgd,7003,36,0.01,0.4980262815952301,0.5030661225318909,0.7109375,0.33468482830351876
sgd,7003,37,0.01,0.4969494342803955,0.50201815366745,0.7109375,0.3289913095747447
sgd,7003,38,0.01,0.49589425325393677,0.5009914636611938,0.7109375,0.32565283308358817
sgd,7003,39,0.01,0.4948601722717285,0.4999849796295166,0.7109375,0.3223774789912447
sgd,7003,40,0.01,0.4938482344150543,0.4989975690841675,0.7109375,0.31916386484382264
sgd,7003,41,0.01,0.4928644299507141,0.49803319573402405,0.7109375,0.3150032359798575
sgd,7003,42,0.01,0.49190565943717957,0.49709078669548035,0.7109375,0.3102951240206576
sgd,7003,43,0.01,0.49095380306243896,0.4961608946323395,0.7109375,0.30877657496508776
sgd,7003,44,0.01,0.490017831325531,0.4952411651611328,0.71484375,0.3071975542213192
sgd,7003,45,0.01,0.489102840423584,0.49434274435043335,0.71484375,0.30321370851058166
sgd,7003,46,0.01,0.4882049262523651,0.4934614300727844,0.71875,0.3003501312387587
sgd,7003,47,0.01,0.48732632398605347,0.4925980269908905,0.71875,0.2975396281721906
sgd,7003,48,0.01,0.48646607995033264,0.49175408482551575,0.71875,0.293976813550025
sgd,7003,49,0.01,0.4856243133544922,0.4909244179725647,0.71875,0.29128108142448467
sgd,7003,50,0.01,0.4848024249076843,0.4901137948036194,0.72265625,0.2873232948354362
sgd,7003,51,0.01,0.4839968681335449,0.48931968212127686,0.72265625,0.28476511612795663
sgd,7003,52,0.01,0.48320823907852173,0.48854386806488037,0.72265625,0.28142972611975664
sgd,7003,53,0.01,0.482433557510376,0.4877808690071106,0.72265625,0.27899458964437657
sgd,7003,54,0.01,0.4816727340221405,0.48703157901763916,0.72265625,0.2764182197393301
sgd,7003,55,0.01,0.48092472553253174,0.4862927198410034,0.72265625,0.27407402368134925
sgd,7003,56,0.01,0.48018914461135864,0.48556584119796753,0.72265625,0.2717731783793039
sgd,7003,57,0.01,0.47946032881736755,0.4848487675189972,0.72265625,0.26999161112025183
sgd,7003,58,0.01,0.4787368178367615,0.4841407537460327,0.72265625,0.2692801706132572
sgd,7003,59,0.01,0.47802311182022095,0.483443945646286,0.72265625,0.2676931469229012
sgd,7003,60,0.01,0.47732096910476685,0.48275819420814514,0.72265625,0.26552147241493734
sgd,7003,61,0.01,0.47663044929504395,0.4820830225944519,0.72265625,0.2633894972365557
sgd,7003,62,0.01,0.4759467840194702,0.4814167022705078,0.72265625,0.2619942780059791
sgd,7003,63,0.01,0.4752737879753113,0.4807608723640442,0.72265625,0.25993184737718855
sgd,7003,64,0.01,0.4746125042438507,0.48011523485183716,0.72265625,0.25790700153582996
sgd,7003,65,0.01,0.47396355867385864,0.4794818162918091,0.72265625,0.25522517818535695
sgd,7003,66,0.01,0.47332486510276794,0.4788568615913391,0.72265625,0.2532875900744349
sgd,7003,67,0.01,0.4726967513561249,0.47824084758758545,0.72265625,0.2511917904860596
sgd,7003,68,0.01,0.47208112478256226,0.47763556241989136,0.72265625,0.248573181807045
sgd,7003,69,0.01,0.4714745283126831,0.47703805565834045,0.72265625,0.24674474191749024
sgd,7003,70,0.01,0.47087666392326355,0.4764481484889984,0.72265625,0.24494916592352126
sgd,7003,71,0.01,0.4702874422073364,0.47586554288864136,0.72265625,0.24318588771213764
sgd,7003,72,0.01,0.4697064757347107,0.4752897620201111,0.72265625,0.24145415048449978
sgd,7003,73,0.01,0.4691337049007416,0.4747215509414673,0.72265625,0.2397533782738001
sgd,7003,74,0.01,0.4685687720775604,0.47416067123413086,0.72265625,0.23808292278164087
sgd,7003,75,0.01,0.4680125117301941,0.4736064672470093,0.72265625,0.23644220637038446
sgd,7003,76,0.01,0.4674665927886963,0.4730604887008667,0.72265625,0.23404830861086282
sgd,7003,77,0.01,0.46692749857902527,0.47252050042152405,0.72265625,0.23247266462909108
sgd,7003,78,0.01,0.4663945436477661,0.4719850718975067,0.7265625,0.23123273815266118
sgd,7003,79,0.01,0.46587032079696655,0.47145548462867737,0.7265625,0.22970499750862355
sgd,7003,80,0.01,0.4653555154800415,0.470935195684433,0.7265625,0.22725641606156835
sgd,7003,81,0.01,0.4648471474647522,0.4704195261001587,0.7265625,0.2258212413863181
sgd,7003,82,0.01,0.46434512734413147,0.4699092507362366,0.7265625,0.22441117454040904
sgd,7003,83,0.01,0.4638482928276062,0.46940410137176514,0.7265625,0.22302562873711934
sgd,7003,84,0.01,0.4633544385433197,0.46890196204185486,0.72265625,0.22256783666662736
sgd,7003,85,0.01,0.46286648511886597,0.46840527653694153,0.72265625,0.2212224638789307
sgd,7003,86,0.01,0.4623843729496002,0.46791353821754456,0.72265625,0.21990037269015547
sgd,7003,87,0.01,0.4619080424308777,0.46742647886276245,0.72265625,0.21860111879952357
sgd,7003,88,0.01,0.4614377021789551,0.46694517135620117,0.72265625,0.21717259955514323
sgd,7003,89,0.01,0.46097421646118164,0.46646833419799805,0.72265625,0.21591970180133424
sgd,7003,90,0.01,0.460517942905426,0.46599847078323364,0.72265625,0.21390369345399501
sgd,7003,91,0.01,0.4600667357444763,0.4655327796936035,0.72265625,0.21271088240385594
sgd,7003,92,0.01,0.4596203863620758,0.4650712311267853,0.72265625,0.21153824430003262
sgd,7003,93,0.01,0.45917725563049316,0.46461236476898193,0.72265625,0.2107950883018607
sgd,7003,94,0.01,0.4587388038635254,0.46415743231773376,0.72265625,0.20966386821016944
sgd,7003,95,0.01,0.4583050012588501,0.46370553970336914,0.72265625,0.20855162420423817
sgd,7003,96,0.01,0.45787614583969116,0.46325719356536865,0.72265625,0.20745801981719503
sgd,7003,97,0.01,0.4574553966522217,0.46281445026397705,0.72265625,0.2053963941847206
sgd,7003,98,0.01,0.457038938999176,0.4623752534389496,0.72265625,0.2043270630407515
sgd,7003,99,0.01,0.45662763714790344,0.46193963289260864,0.72265625,0.20328522773638136
sgd,7003,100,0.01,0.45622214674949646,0.46150851249694824,0.72265625,0.20162320303573456
sgd,7003,101,0.01,0.45582064986228943,0.4610806107521057,0.72265625,0.20061328304795564
sgd,7003,102,0.01,0.45542478561401367,0.46065497398376465,0.72265625,0.1996488254630022
sgd,7003,103,0.01,0.4550349712371826,0.4602369964122772,0.72265625,0.197690068496243
sgd,7003,104,0.01,0.4546489119529724,0.45982372760772705,0.7265625,0.1967241434803012
sgd,7003,105,0.01,0.4542655348777771,0.45941194891929626,0.7265625,0.19579566425072698
sgd,7003,106,0.01,0.4538799822330475,0.45899882912635803,0.7265625,0.19659475849346889
sgd,7003,107,0.01,0.4534980356693268,0.45858854055404663,0.7265625,0.1956593430429816
sgd,7003,108,0.01,0.4531199038028717,0.4581810235977173,0.7265625,0.1947391582459548
sgd,7003,109,0.01,0.4527454078197479,0.4577777683734894,0.7265625,0.19373268773643249
sgd,7003,110,0.01,0.4523743987083435,0.4573773145675659,0.7265625,0.19284818987116822
sgd,7003,111,0.01,0.45200884342193604,0.45698082447052,0.7265625,0.1914105332756545
sgd,7003,112,0.01,0.4516465663909912,0.45658695697784424,0.7265625,0.1905519394137527
sgd,7003,113,0.01,0.4512874484062195,0.4561956822872162,0.7265625,0.18970713703265873
sgd,7003,114,0.01,0.45093145966529846,0.455807089805603,0.7265625,0.1888759288951881
sgd,7003,115,0.01,0.4505785405635834,0.45542094111442566,0.7265625,0.18805799801604964
sgd,7003,116,0.01,0.4502321481704712,0.45503729581832886,0.7265625,0.18725309453835412
sgd,7003,117,0.01,0.44989168643951416,0.45465755462646484,0.7265625,0.1847089407369754
sgd,7003,118,0.01,0.4495540261268616,0.45428022742271423,0.7265625,0.18394875745444508
sgd,7003,119,0.01,0.449219286441803,0.4539053440093994,0.7265625,0.18314113317299638
sgd,7003,120,0.01,0.44888734817504883,0.45353180170059204,0.7265625,0.18240510241999502
dropout,7001,1,0.01,0.7042635083198547,0.7225600481033325,0.578125,1.1125517316011886
dropout,7001,2,0.01,0.6531000733375549,0.6863839626312256,0.609375,1.0254943380386077
dropout,7001,3,0.01,0.6086288094520569,0.6501131653785706,0.6015625,0.7969601452150098
dropout,7001,4,0.01,0.5693637728691101,0.6123485565185547,0.578125,0.9268143858188301
dropout,7001,5,0.01,0.5341370105743408,0.5707040429115295,0.62890625,0.6757374632850135
dropout,7001,6,0.01,0.5038343667984009,0.531880795955658,0.6796875,0.7187591082770679
dropout,7001,7,0.01,0.47663044929504395,0.4929403066635132,0.765625,0.6509647790289846
dropout,7001,8,0.01,0.4542732536792755,0.4554007649421692,0.80859375,0.5539648674906495
dropout,7001,9,0.01,0.43664494156837463,0.4220874011516571,0.8515625,0.4373971487105879
dropout,7001,10,0.01,0.42444878816604614,0.39671653509140015,0.87109375,0.3355160228315861
dropout,7001,11,0.01,0.4163515567779541,0.3748193383216858,0.90234375,0.39656130235539
dropout,7001,12,0.01,0.41091591119766235,0.35802900791168213,0.91015625,0.3637845416300391
dropout,7001,13,0.01,0.4068547487258911,0.34656238555908203,0.9140625,0.40260089340864624
dropout,7001,14,0.01,0.40324026346206665,0.33705687522888184,0.9140625,0.43167242290675073
dropout,7001,15,0.01,0.4002874493598938,0.32904252409935,0.9140625,0.2619109919541692
dropout,7001,16,0.01,0.39658215641975403,0.32169878482818604,0.91796875,0.38634044754849584
dropout,7001,17,0.01,0.3930513560771942,0.31553927063941956,0.91796875,0.19825700262779447
dropout,7001,18,0.01,0.3894054889678955,0.31110987067222595,0.921875,0.30986639208213423
dropout,7001,19,0.01,0.38552147150039673,0.3071463108062744,0.9296875,0.27649974213652484
dropout,7001,20,0.01,0.38216105103492737,0.3038947582244873,0.93359375,0.2693426724640252
dropout,7001,21,0.01,0.37989968061447144,0.3026977479457855,0.93359375,0.3030186237742658
dropout,7001,22,0.01,0.3780231177806854,0.3019905984401703,0.9296875,0.24539481175938943
dropout,7001,23,0.01,0.3765423595905304,0.30156534910202026,0.93359375,0.2424059028412675
dropout,7001,24,0.01,0.3755098879337311,0.30134472250938416,0.9375,0.1659054198418382
dropout,7001,25,0.01,0.37507665157318115,0.30147743225097656,0.94140625,0.25062814510927467
dropout,7001,26,0.01,0.374831885099411,0.30160197615623474,0.94140625,0.18451722874356025
dropout,7001,27,0.01,0.37452322244644165,0.30040451884269714,0.9453125,0.2846242114881851
dropout,7001,28,0.01,0.37392449378967285,0.2991769015789032,0.9453125,0.21800962507335703
dropout,7001,29,0.01,0.3736126720905304,0.29850009083747864,0.9453125,0.22651108528846903
dropout,7001,30,0.01,0.3731837272644043,0.2967301905155182,0.94921875,0.2225034653837124
dropout,7001,31,0.01,0.3727366626262665,0.2950858175754547,0.94921875,0.1451150741690405
dropout,7001,32,0.01,0.37252330780029297,0.2940555810928345,0.953125,0.1723050874995369
dropout,7001,33,0.01,0.3724680244922638,0.2924215495586395,0.9609375,0.24199285022673328
dropout,7001,34,0.01,0.3724936246871948,0.29147061705589294,0.9609375,0.1648788386837345
dropout,7001,35,0.01,0.3720216453075409,0.2901121973991394,0.9609375,0.1888208660438741
dropout,7001,36,0.01,0.3715546727180481,0.28847941756248474,0.9609375,0.21880930776193547
dropout,7001,37,0.01,0.37121832370758057,0.28756505250930786,0.9609375,0.18494046115221516
dropout,7001,38,0.01,0.3705836832523346,0.2863349914550781,0.96484375,0.16353360177113055
dropout,7001,39,0.01,0.3696998059749603,0.28494757413864136,0.9609375,0.20999128623432278
dropout,7001,40,0.01,0.36866509914398193,0.283355176448822,0.9609375,0.1849579372810648
dropout,7001,41,0.01,0.36812376976013184,0.2826670706272125,0.9609375,0.13543595870821912
dropout,7001,42,0.01,0.36724549531936646,0.2817099392414093,0.9609375,0.20780200771269003
dropout,7001,43,0.01,0.366161584854126,0.28091034293174744,0.9609375,0.17973815767791188
dropout,7001,44,0.01,0.3649904429912567,0.27948522567749023,0.95703125,0.1898350490647113
dropout,7001,45,0.01,0.3635829985141754,0.27782753109931946,0.95703125,0.23212758352713647
dropout,7001,46,0.01,0.36202624440193176,0.27634763717651367,0.953125,0.17551870012859247
dropout,7001,47,0.01,0.36019325256347656,0.2742057740688324,0.94921875,0.1655585152309882
dropout,7001,48,0.01,0.3581709861755371,0.27185237407684326,0.94921875,0.1821774421730193
dropout,7001,49,0.01,0.35613325238227844,0.26905912160873413,0.94921875,0.15932261259205158
dropout,7001,50,0.01,0.3538445234298706,0.2654757499694824,0.953125,0.19128939560889255
dropout,7001,51,0.01,0.35148143768310547,0.26190340518951416,0.953125,0.18772642922661617
dropout,7001,52,0.01,0.34917229413986206,0.25834017992019653,0.95703125,0.15559274918185728
dropout,7001,53,0.01,0.34741055965423584,0.2562400698661804,0.95703125,0.1746932042198011
dropout,7001,54,0.01,0.34579890966415405,0.2539415955543518,0.9609375,0.24997898211456973
dropout,7001,55,0.01,0.34436607360839844,0.25099918246269226,0.9609375,0.2123365638636746
dropout,7001,56,0.01,0.34312155842781067,0.24834951758384705,0.9609375,0.22099825543369603
dropout,7001,57,0.01,0.3418038487434387,0.24531793594360352,0.9609375,0.15777848636309866
dropout,7001,58,0.01,0.3402549624443054,0.24192050099372864,0.9609375,0.1772004668434621
dropout,7001,59,0.01,0.3386825621128082,0.23814274370670319,0.9609375,0.1432992300497338
dropout,7001,60,0.01,0.33697080612182617,0.23403513431549072,0.96484375,0.1939995230327848
dropout,7001,61,0.01,0.3353883624076843,0.23052312433719635,0.9609375,0.16113805550115426
dropout,7001,62,0.01,0.3341982364654541,0.22756654024124146,0.9609375,0.223560780203452
dropout,7001,63,0.01,0.3331882953643799,0.22375990450382233,0.96484375,0.22749909228433474
dropout,7001,64,0.01,0.3327317237854004,0.2212686538696289,0.96484375,0.21452782632486297
dropout,7001,65,0.01,0.332321435213089,0.21890543401241302,0.96875,0.14755554252384132
dropout,7001,66,0.01,0.33231762051582336,0.21755450963974,0.96484375,0.180981645371886
dropout,7001,67,0.01,0.33240219950675964,0.21708327531814575,0.9609375,0.20173969119945145
dropout,7001,68,0.01,0.33266428112983704,0.21715638041496277,0.9609375,0.17044446478128022
dropout,7001,69,0.01,0.33303239941596985,0.2180522382259369,0.9609375,0.18531825822172845
dropout,7001,70,0.01,0.3332568407058716,0.21928545832633972,0.9609375,0.2239489307053884
dropout,7001,71,0.01,0.3337412476539612,0.2199847251176834,0.9609375,0.17598610543689866
dropout,7001,72,0.01,0.33399608731269836,0.22092345356941223,0.9609375,0.19667062315611158
dropout,7001,73,0.01,0.3340723216533661,0.22112014889717102,0.9609375,0.15789750818523485
dropout,7001,74,0.01,0.3339260220527649,0.22159966826438904,0.9609375,0.13470064739927654
dropout,7001,75,0.01,0.3335815668106079,0.22239850461483002,0.9609375,0.197762669042425
dropout,7001,76,0.01,0.33316588401794434,0.22323906421661377,0.9609375,0.16563487498629118
dropout,7001,77,0.01,0.3325703740119934,0.2247161567211151,0.9609375,0.1913799850533981
dropout,7001,78,0.01,0.33219778537750244,0.2263249009847641,0.9609375,0.21753642491932507
dropout,7001,79,0.01,0.3318694233894348,0.22816671431064606,0.96484375,0.1461417487179404
dropout,7001,80,0.01,0.3317762315273285,0.23117521405220032,0.96484375,0.19882402506863206
dropout,7001,81,0.01,0.33184197545051575,0.23437105119228363,0.96484375,0.1300045071627782
dropout,7001,82,0.01,0.33195504546165466,0.23738841712474823,0.95703125,0.15599478678237774
dropout,7001,83,0.01,0.3320426046848297,0.23888152837753296,0.95703125,0.2094967314868821
dropout,7001,84,0.01,0.33186179399490356,0.23958535492420197,0.95703125,0.20235025519296446
dropout,7001,85,0.01,0.33176109194755554,0.24101941287517548,0.953125,0.15787593700468433
dropout,7001,86,0.01,0.3314170241355896,0.24118761718273163,0.953125,0.20297421321511055
dropout,7001,87,0.01,0.3309273421764374,0.241136372089386,0.94921875,0.12272674266925472
dropout,7001,88,0.01,0.3304860293865204,0.24072615802288055,0.94921875,0.20195664403059435
dropout,7001,89,0.01,0.32988423109054565,0.23930230736732483,0.953125,0.22395088375418595
dropout,7001,90,0.01,0.3292103707790375,0.23689691722393036,0.953125,0.191182322730606
dropout,7001,91,0.01,0.3287827968597412,0.23424461483955383,0.9609375,0.15450813936606514
dropout,7001,92,0.01,0.3284257650375366,0.23103079199790955,0.9609375,0.18646643335937757
dropout,7001,93,0.01,0.3281240463256836,0.2303982377052307,0.9609375,0.34939375213842394
dropout,7001,94,0.01,0.32808491587638855,0.229523703455925,0.9609375,0.2035234087581734
dropout,7001,95,0.01,0.3277956545352936,0.22947782278060913,0.9609375,0.20184244747476343
dropout,7001,96,0.01,0.32748761773109436,0.22954443097114563,0.9609375,0.1809178461112301
dropout,7001,97,0.01,0.3269965946674347,0.2301318198442459,0.9609375,0.17326687919209602
dropout,7001,98,0.01,0.3264330327510834,0.23015831410884857,0.9609375,0.1550193160639457
dropout,7001,99,0.01,0.32569149136543274,0.23027542233467102,0.9609375,0.16930770568902662
dropout,7001,100,0.01,0.3245294392108917,0.22975939512252808,0.9609375,0.1795446918679571
dropout,7001,101,0.01,0.32312485575675964,0.2295549362897873,0.95703125,0.15568078710517913
dropout,7001,102,0.01,0.32148003578186035,0.22871090471744537,0.95703125,0.16975317875510232
dropout,7001,103,0.01,0.32007473707199097,0.22826600074768066,0.95703125,0.15213535150645782
dropout,7001,104,0.01,0.3186526894569397,0.22750580310821533,0.95703125,0.14764652767489114
dropout,7001,105,0.01,0.3172314465045929,0.22621475160121918,0.953125,0.13254809953359187
dropout,7001,106,0.01,0.3159446716308594,0.22495056688785553,0.95703125,0.20007964514764676
dropout,7001,107,0.01,0.31509119272232056,0.22424738109111786,0.95703125,0.19839995825897816
dropout,7001,108,0.01,0.3145715892314911,0.22352400422096252,0.95703125,0.216875601790251
dropout,7001,109,0.01,0.3137744069099426,0.22215767204761505,0.95703125,0.1586265154818029
dropout,7001,110,0.01,0.31309592723846436,0.22107376158237457,0.95703125,0.17992947998409162
dropout,7001,111,0.01,0.3125211000442505,0.21966835856437683,0.95703125,0.14553635611238316
dropout,7001,112,0.01,0.31214389204978943,0.21743535995483398,0.95703125,0.1797129281661498
dropout,7001,113,0.01,0.31160399317741394,0.2156306803226471,0.95703125,0.15493889795639743
dropout,7001,114,0.01,0.31143882870674133,0.2147185206413269,0.95703125,0.1625598202607207
dropout,7001,115,0.01,0.31159499287605286,0.21543951332569122,0.95703125,0.2125250693359878
dropout,7001,116,0.01,0.3117460608482361,0.21666216850280762,0.953125,0.15293182191153196
dropout,7001,117,0.01,0.31202539801597595,0.21834464371204376,0.95703125,0.17579207527749224
dropout,7001,118,0.01,0.3122671842575073,0.21969932317733765,0.9609375,0.12103327481201136
dropout,7001,119,0.01,0.31218066811561584,0.2205890417098999,0.9609375,0.1530829720245343
dropout,7001,120,0.01,0.31181350350379944,0.22040612995624542,0.9609375,0.1335864297121151
dropout,7002,1,0.01,0.7191242575645447,0.7766383290290833,0.33984375,0.9388604266622794
dropout,7002,2,0.01,0.6718016862869263,0.7265257239341736,0.56640625,0.7206226187166148
dropout,7002,3,0.01,0.6334272623062134,0.682961642742157,0.6484375,0.8741141621325004
dropout,7002,4,0.01,0.5986585021018982,0.6412975192070007,0.6875,0.5744297718807346
dropout,7002,5,0.01,0.5672231912612915,0.6020380854606628,0.703125,0.6522428924827817
dropout,7002,6,0.01,0.5394287705421448,0.5653561949729919,0.71875,0.4935037878016987
dropout,7002,7,0.01,0.5174059867858887,0.5334516763687134,0.7265625,0.5037318115339241
dropout,7002,8,0.01,0.4992513060569763,0.5052911639213562,0.73828125,0.43667089335431525
dropout,7002,9,0.01,0.4840766191482544,0.4801890254020691,0.7421875,0.48592679932478905
dropout,7002,10,0.01,0.47015076875686646,0.45794397592544556,0.74609375,0.38646277772132265
dropout,7002,11,0.01,0.45836663246154785,0.44014984369277954,0.7578125,0.4487476494761683
dropout,7002,12,0.01,0.44854986667633057,0.42493313550949097,0.76953125,0.35046432102124825
dropout,7002,13,0.01,0.4404582381248474,0.4132474660873413,0.80078125,0.38186654257256997
dropout,7002,14,0.01,0.4343410134315491,0.40371519327163696,0.84765625,0.24982501886318478
dropout,7002,15,0.01,0.4297756850719452,0.39519429206848145,0.85546875,0.3060862562888375
dropout,7002,16,0.01,0.42608368396759033,0.38784030079841614,0.859375,0.20970901024055089
dropout,7002,17,0.01,0.4223308861255646,0.38071945309638977,0.859375,0.24013991904967066
dropout,7002,18,0.01,0.41779208183288574,0.3730509281158447,0.875,0.3207727139458948
dropout,7002,19,0.01,0.4136185646057129,0.3660767376422882,0.87890625,0.2252671562045784
dropout,7002,20,0.01,0.4093804657459259,0.35936862230300903,0.87890625,0.21118246172045246
dropout,7002,21,0.01,0.40504691004753113,0.35265663266181946,0.90234375,0.2536523849690387
dropout,7002,22,0.01,0.4008753299713135,0.345909059047699,0.91796875,0.20591209110902473
dropout,7002,23,0.01,0.3969656825065613,0.3395780920982361,0.9140625,0.30181334898426604
dropout,7002,24,0.01,0.3940815031528473,0.33484697341918945,0.91796875,0.2155324516535893
dropout,7002,25,0.01,0.3915926516056061,0.33040931820869446,0.9296875,0.26033427702187434
dropout,7002,26,0.01,0.38971832394599915,0.3271802067756653,0.921875,0.21036138039936825
dropout,7002,27,0.01,0.38778725266456604,0.3243546187877655,0.92578125,0.22820839303256743
dropout,7002,28,0.01,0.3854809105396271,0.321911484003067,0.92578125,0.22403358925572073
dropout,7002,29,0.01,0.38305187225341797,0.3194526433944702,0.91796875,0.17802428694466974
dropout,7002,30,0.01,0.38036829233169556,0.31640973687171936,0.921875,0.18912625488436274
dropout,7002,31,0.01,0.37788498401641846,0.3134955167770386,0.921875,0.13691377864215065
dropout,7002,32,0.01,0.37539389729499817,0.3107476234436035,0.921875,0.15047357024387617
dropout,7002,33,0.01,0.3729846179485321,0.30807533860206604,0.91796875,0.20872372692393704
dropout,7002,34,0.01,0.3708711564540863,0.30695682764053345,0.91015625,0.21666741600333542
dropout,7002,35,0.01,0.3692234456539154,0.3059777617454529,0.91015625,0.13850430470152789
dropout,7002,36,0.01,0.3680430054664612,0.3053220808506012,0.90234375,0.17357210300638887
dropout,7002,37,0.01,0.3671119213104248,0.30472123622894287,0.8984375,0.1918562680669762
dropout,7002,38,0.01,0.3662165701389313,0.3046111464500427,0.89453125,0.19882845118000317
dropout,7002,39,0.01,0.36518657207489014,0.3040005564689636,0.88671875,0.20823014938365061
dropout,7002,40,0.01,0.3642878830432892,0.3040851354598999,0.8828125,0.2845555487993861
dropout,7002,41,0.01,0.36329469084739685,0.30341291427612305,0.88671875,0.17527699123755594
dropout,7002,42,0.01,0.36270296573638916,0.30236363410949707,0.890625,0.20869311419918496
dropout,7002,43,0.01,0.3619964122772217,0.30073392391204834,0.890625,0.1796232423969651
dropout,7002,44,0.01,0.36145448684692383,0.29804515838623047,0.8984375,0.18265589095776152
dropout,7002,45,0.01,0.3609559237957001,0.29574888944625854,0.90234375,0.1535721037375278
dropout,7002,46,0.01,0.3604235053062439,0.29307207465171814,0.9140625,0.1612735242044032
dropout,7002,47,0.01,0.360067754983902,0.2909281849861145,0.9140625,0.21761418807610217
dropout,7002,48,0.01,0.3597344160079956,0.2890050709247589,0.921875,0.17493385402682707
dropout,7002,49,0.01,0.35916581749916077,0.28765997290611267,0.921875,0.17735173448932523
dropout,7002,50,0.01,0.3584214746952057,0.28615933656692505,0.92578125,0.15904986038538055
dropout,7002,51,0.01,0.3571038246154785,0.2840520143508911,0.92578125,0.17211979559848156
dropout,7002,52,0.01,0.3556760847568512,0.28149113059043884,0.921875,0.16238336846603235
dropout,7002,53,0.01,0.3543873131275177,0.2789820432662964,0.921875,0.19551839057049442
dropout,7002,54,0.01,0.35281404852867126,0.276800274848938,0.91796875,0.1943139655814933
dropout,7002,55,0.01,0.35158771276474,0.27580952644348145,0.921875,0.21201494729570033
dropout,7002,56,0.01,0.3503304719924927,0.2747580409049988,0.91796875,0.17544878571509018
dropout,7002,57,0.01,0.3488927185535431,0.27374663949012756,0.91796875,0.15954333249562405
dropout,7002,58,0.01,0.3471786379814148,0.2721738815307617,0.91796875,0.16565681717169833
dropout,7002,59,0.01,0.34551745653152466,0.27108854055404663,0.921875,0.17970133057977677
dropout,7002,60,0.01,0.34393495321273804,0.2700883746147156,0.921875,0.12615270995107633
dropout,7002,61,0.01,0.34252065420150757,0.26956310868263245,0.921875,0.15661130516146987
dropout,7002,62,0.01,0.34159618616104126,0.2701299786567688,0.921875,0.19695274200452692
dropout,7002,63,0.01,0.3407609164714813,0.2712143063545227,0.921875,0.20887877721501438
dropout,7002,64,0.01,0.3400766849517822,0.2725849151611328,0.91796875,0.16890372535338935
dropout,7002,65,0.01,0.3394906520843506,0.2733418941497803,0.91796875,0.1447270953693696
dropout,7002,66,0.01,0.3388389050960541,0.2735324501991272,0.91796875,0.17517918058747015
dropout,7002,67,0.01,0.3380124270915985,0.27371644973754883,0.91796875,0.1874712124040197
dropout,7002,68,0.01,0.33715909719467163,0.27341943979263306,0.91796875,0.15640338257698208
dropout,7002,69,0.01,0.33654919266700745,0.27280667424201965,0.9140625,0.18724442332682456
dropout,7002,70,0.01,0.3357577919960022,0.2721281945705414,0.9140625,0.16101221631505105
dropout,7002,71,0.01,0.33467304706573486,0.27004897594451904,0.9140625,0.2083199483388847
dropout,7002,72,0.01,0.33373039960861206,0.2675841748714447,0.9140625,0.20035255322134243
dropout,7002,73,0.01,0.33291950821876526,0.2648266553878784,0.921875,0.2150002187482853
dropout,7002,74,0.01,0.33207789063453674,0.261890172958374,0.92578125,0.1449021915709628
dropout,7002,75,0.01,0.3310731053352356,0.25800222158432007,0.93359375,0.1597486472231817
dropout,7002,76,0.01,0.33022698760032654,0.2539313733577728,0.94140625,0.1590541914845806
dropout,7002,77,0.01,0.32953858375549316,0.25027525424957275,0.94140625,0.13400693129587685
dropout,7002,78,0.01,0.3295768201351166,0.24786926805973053,0.94140625,0.20334753332112854
dropout,7002,79,0.01,0.32958152890205383,0.2459355890750885,0.94140625,0.16676675321365486
dropout,7002,80,0.01,0.32988113164901733,0.2439880520105362,0.94140625,0.20398910204596496
dropout,7002,81,0.01,0.3299349248409271,0.2422986924648285,0.94140625,0.16070810801957575
dropout,7002,82,0.01,0.3303074538707733,0.24161961674690247,0.9453125,0.1523177312476823
dropout,7002,83,0.01,0.3305904269218445,0.24136170744895935,0.94921875,0.17881456831756098
dropout,7002,84,0.01,0.3300411105155945,0.24085862934589386,0.953125,0.21017354220247056
dropout,7002,85,0.01,0.32929712533950806,0.24101589620113373,0.94921875,0.2116755588731272
dropout,7002,86,0.01,0.3279873728752136,0.2415061891078949,0.94921875,0.18373358338050186
dropout,7002,87,0.01,0.3266688883304596,0.24267539381980896,0.9453125,0.19545480193352593
dropout,7002,88,0.01,0.32595035433769226,0.24453884363174438,0.9453125,0.20984513521554676
dropout,7002,89,0.01,0.325747549533844,0.24626807868480682,0.9453125,0.19483802330913752
dropout,7002,90,0.01,0.325374960899353,0.24775013327598572,0.9453125,0.15673743717354033
dropout,7002,91,0.01,0.3249403238296509,0.24921375513076782,0.9453125,0.14789598465939788
dropout,7002,92,0.01,0.3245372176170349,0.2507569491863251,0.94140625,0.15388873155808652
dropout,7002,93,0.01,0.32438379526138306,0.2526725232601166,0.94140625,0.15791028281467132
dropout,7002,94,0.01,0.3241904377937317,0.2532949447631836,0.94140625,0.18864603887732037
dropout,7002,95,0.01,0.32390156388282776,0.2536405026912689,0.9453125,0.17443328924412982
dropout,7002,96,0.01,0.32389912009239197,0.2540971338748932,0.9375,0.2303623604661642
dropout,7002,97,0.01,0.32426637411117554,0.2550232708454132,0.94140625,0.1828074802719546
dropout,7002,98,0.01,0.32464519143104553,0.2557328939437866,0.94140625,0.13029701699296917
dropout,7002,99,0.01,0.32438924908638,0.25552019476890564,0.94140625,0.1724456386337262
dropout,7002,100,0.01,0.32409682869911194,0.25548529624938965,0.9375,0.16239593716193576
dropout,7002,101,0.01,0.32385021448135376,0.2551502287387848,0.9375,0.1712096259668603
dropout,7002,102,0.01,0.32369548082351685,0.25445556640625,0.94140625,0.1816044746004388
dropout,7002,103,0.01,0.3233928680419922,0.25331246852874756,0.9453125,0.14875503280032773
dropout,7002,104,0.01,0.32335007190704346,0.25266602635383606,0.9453125,0.14720269767499836
dropout,7002,105,0.01,0.32345449924468994,0.25245875120162964,0.9453125,0.1534486502142575
dropout,7002,106,0.01,0.3229236304759979,0.25117775797843933,0.9453125,0.15892639036270334
dropout,7002,107,0.01,0.32238510251045227,0.2502853274345398,0.9453125,0.15394308252726924
dropout,7002,108,0.01,0.32155919075012207,0.24947494268417358,0.94921875,0.13351764794905435
dropout,7002,109,0.01,0.3203605115413666,0.24875889718532562,0.9453125,0.181784257029622
dropout,7002,110,0.01,0.31917208433151245,0.2481728196144104,0.9453125,0.14333763356008306
dropout,7002,111,0.01,0.3180418014526367,0.24806764721870422,0.9453125,0.1778336399396818
dropout,7002,112,0.01,0.31697914004325867,0.24702878296375275,0.9453125,0.17861378459079977
dropout,7002,113,0.01,0.3162882924079895,0.24601545929908752,0.9453125,0.1809131609408511
dropout,7002,114,0.01,0.31568944454193115,0.24481678009033203,0.9453125,0.16855800848545305
dropout,7002,115,0.01,0.31492912769317627,0.24277880787849426,0.9453125,0.16026910892849286
dropout,7002,116,0.01,0.3143698573112488,0.23986342549324036,0.9453125,0.21277160695004682
dropout,7002,117,0.01,0.3136565089225769,0.23694908618927002,0.9453125,0.17177871296726213
dropout,7002,118,0.01,0.31279969215393066,0.23438581824302673,0.94921875,0.1700972862269194
dropout,7002,119,0.01,0.31168144941329956,0.23178906738758087,0.94921875,0.15728662707454882
dropout,7002,120,0.01,0.31032365560531616,0.2297087013721466,0.94140625,0.1562740497554555
dropout,7003,1,0.01,0.526710569858551,0.5258857607841492,0.7265625,0.7046637656585214
dropout,7003,2,0.01,0.5005249977111816,0.50014728307724,0.73828125,0.5467181560916038
dropout,7003,3,0.01,0.4819459915161133,0.4825112223625183,0.7265625,0.5514521706041285
dropout,7003,4,0.01,0.4700550436973572,0.46959608793258667,0.73828125,0.4173265273719054
dropout,7003,5,0.01,0.4608643651008606,0.45944181084632874,0.73828125,0.3877030924795959
dropout,7003,6,0.01,0.4543510377407074,0.4530904293060303,0.74609375,0.4275964053506222
dropout,7003,7,0.01,0.45005369186401367,0.4488082826137543,0.74609375,0.351788057300393
dropout,7003,8,0.01,0.44749003648757935,0.4465504288673401,0.75,0.27863881196449536
dropout,7003,9,0.01,0.4451615810394287,0.4447951912879944,0.765625,0.2281904919330975
dropout,7003,10,0.01,0.44260144233703613,0.44275611639022827,0.76953125,0.28583881503755126
dropout,7003,11,0.01,0.439711332321167,0.43999773263931274,0.76953125,0.23415754793124594
dropout,7003,12,0.01,0.43650001287460327,0.4368549585342407,0.76171875,0.26094138321705856
dropout,7003,13,0.01,0.43322116136550903,0.4332509934902191,0.765625,0.21808837329006567
dropout,7003,14,0.01,0.43023037910461426,0.42939484119415283,0.7734375,0.27799352285490525
dropout,7003,15,0.01,0.42712152004241943,0.4253685474395752,0.78125,0.23441969599316875
dropout,7003,16,0.01,0.42416226863861084,0.4211108386516571,0.77734375,0.1321026680337401
dropout,7003,17,0.01,0.42172035574913025,0.41682642698287964,0.78515625,0.2207251649545705
dropout,7003,18,0.01,0.4196946322917938,0.41246914863586426,0.80078125,0.1891869298325297
dropout,7003,19,0.01,0.41783779859542847,0.407728910446167,0.82421875,0.23634862626131797
dropout,7003,20,0.01,0.41595155000686646,0.403274804353714,0.828125,0.18197420136010634
dropout,7003,21,0.01,0.4140244126319885,0.3988804519176483,0.83203125,0.1854841927947626
dropout,7003,22,0.01,0.4123496115207672,0.394717276096344,0.84375,0.22451493537140102
dropout,7003,23,0.01,0.41115888953208923,0.39073166251182556,0.8515625,0.18257881608636548
dropout,7003,24,0.01,0.409834623336792,0.3865227699279785,0.859375,0.13921402757157716
dropout,7003,25,0.01,0.40871283411979675,0.38255029916763306,0.86328125,0.1863581876574609
dropout,7003,26,0.01,0.4076370298862457,0.37876543402671814,0.88671875,0.14472297939552267
dropout,7003,27,0.01,0.4065321683883667,0.3753795921802521,0.89453125,0.1917621049501758
dropout,7003,28,0.01,0.405137836933136,0.37164169549942017,0.90234375,0.13751622379123796
dropout,7003,29,0.01,0.4033825397491455,0.3678049147129059,0.90625,0.18622681811960476
dropout,7003,30,0.01,0.4017427861690521,0.3638787865638733,0.91015625,0.1362340801240594
dropout,7003,31,0.01,0.40048834681510925,0.36010512709617615,0.91015625,0.16407172630897013
dropout,7003,32,0.01,0.39852291345596313,0.3555605411529541,0.92578125,0.16021933981736008
dropout,7003,33,0.01,0.39624637365341187,0.3503524959087372,0.92578125,0.18771998787391803
dropout,7003,34,0.01,0.3937738537788391,0.3453208804130554,0.9296875,0.1674517266154849
dropout,7003,35,0.01,0.39094650745391846,0.33984309434890747,0.9296875,0.18114005400207303
dropout,7003,36,0.01,0.38772839307785034,0.3343028128147125,0.93359375,0.15164472543300736
dropout,7003,37,0.01,0.38460978865623474,0.32893651723861694,0.93359375,0.17180434103907175
dropout,7003,38,0.01,0.38144734501838684,0.323484867811203,0.93359375,0.1556596029862237
dropout,7003,39,0.01,0.3781411945819855,0.3183821439743042,0.9375,0.14274525879233874
dropout,7003,40,0.01,0.37448999285697937,0.3130188286304474,0.94140625,0.17991645187934324
dropout,7003,41,0.01,0.3704407513141632,0.307650625705719,0.9453125,0.13643864151082327
dropout,7003,42,0.01,0.366031676530838,0.3019024133682251,0.94140625,0.15715555430222733
dropout,7003,43,0.01,0.3621622323989868,0.29654064774513245,0.94140625,0.16629519562965692
dropout,7003,44,0.01,0.3589509129524231,0.2918745279312134,0.94140625,0.14382071704910956
dropout,7003,45,0.01,0.3561307489871979,0.2873716950416565,0.94921875,0.14923683663937612
dropout,7003,46,0.01,0.353426992893219,0.28262612223625183,0.9453125,0.12279180908638669
dropout,7003,47,0.01,0.35103219747543335,0.27804869413375854,0.94140625,0.17104869846476337
dropout,7003,48,0.01,0.34893572330474854,0.2742277979850769,0.9375,0.16730533839269243
dropout,7003,49,0.01,0.34717437624931335,0.271333783864975,0.9375,0.1892127652743465
dropout,7003,50,0.01,0.3456680178642273,0.2692744731903076,0.9375,0.16072180645210218
dropout,7003,51,0.01,0.3442758321762085,0.2674681544303894,0.9375,0.15277656201363313
dropout,7003,52,0.01,0.34305471181869507,0.26587504148483276,0.9375,0.1868861995898304
dropout,7003,53,0.01,0.3418887257575989,0.26462623476982117,0.94140625,0.13553346583320952
dropout,7003,54,0.01,0.34090664982795715,0.2632524073123932,0.9453125,0.17421327172580697
dropout,7003,55,0.01,0.3400702476501465,0.2618403732776642,0.94921875,0.15195632880159238
dropout,7003,56,0.01,0.3389667868614197,0.26009535789489746,0.953125,0.16827064072820552
dropout,7003,57,0.01,0.3383173644542694,0.2587571144104004,0.953125,0.14596543121649713
dropout,7003,58,0.01,0.3380172848701477,0.2579267621040344,0.95703125,0.16796066549232125
dropout,7003,59,0.01,0.33769047260284424,0.2567457854747772,0.9609375,0.13922689524617204
dropout,7003,60,0.01,0.3365941345691681,0.2547917664051056,0.9609375,0.14874186051367955
dropout,7003,61,0.01,0.3358653783798218,0.2534468173980713,0.9609375,0.1566662364887186
dropout,7003,62,0.01,0.3350006341934204,0.2522783577442169,0.9609375,0.14381216223716417
dropout,7003,63,0.01,0.33334484696388245,0.25064289569854736,0.95703125,0.19059585724470768
dropout,7003,64,0.01,0.33154675364494324,0.24927577376365662,0.953125,0.1622892959041264
dropout,7003,65,0.01,0.33002522587776184,0.2488289177417755,0.9609375,0.13771836327464002
dropout,7003,66,0.01,0.3290947377681732,0.24865679442882538,0.95703125,0.14045809083575986
dropout,7003,67,0.01,0.32848668098449707,0.2484341710805893,0.9609375,0.14070713327263876
dropout,7003,68,0.01,0.32821589708328247,0.248367041349411,0.9609375,0.13496509064202877
dropout,7003,69,0.01,0.3277518153190613,0.24828340113162994,0.9609375,0.14425742595686444
dropout,7003,70,0.01,0.3273065686225891,0.24813437461853027,0.9609375,0.17127912742080398
dropout,7003,71,0.01,0.3263069987297058,0.24776451289653778,0.9609375,0.17525325119336538
dropout,7003,72,0.01,0.3252412676811218,0.2464495301246643,0.9609375,0.18767296275202838
dropout,7003,73,0.01,0.32342779636383057,0.24466592073440552,0.9609375,0.17276033424264592
dropout,7003,74,0.01,0.3213086724281311,0.24313496053218842,0.9609375,0.19512882460411612
dropout,7003,75,0.01,0.31974953413009644,0.24186928570270538,0.95703125,0.17616635926370658
dropout,7003,76,0.01,0.3185190260410309,0.2408674955368042,0.953125,0.1505742133936504
dropout,7003,77,0.01,0.3177066445350647,0.23952096700668335,0.953125,0.16805711992227476
dropout,7003,78,0.01,0.31697821617126465,0.23826849460601807,0.953125,0.14949320235292915
dropout,7003,79,0.01,0.31626689434051514,0.2370983064174652,0.94921875,0.16158313229771432
dropout,7003,80,0.01,0.3157496154308319,0.23597745597362518,0.9453125,0.17837055400412552
dropout,7003,81,0.01,0.3150104284286499,0.23448196053504944,0.94921875,0.147557731599307
dropout,7003,82,0.01,0.3141770660877228,0.2329643964767456,0.94921875,0.20025003509605915
dropout,7003,83,0.01,0.3132685124874115,0.23107823729515076,0.953125,0.13864790658091672
dropout,7003,84,0.01,0.3121595084667206,0.22868527472019196,0.953125,0.1626233150262717
dropout,7003,85,0.01,0.3112224042415619,0.22681672871112823,0.953125,0.15944374429103278
dropout,7003,86,0.01,0.31041985750198364,0.22499430179595947,0.95703125,0.17443690207930712
dropout,7003,87,0.01,0.30960309505462646,0.22284869849681854,0.95703125,0.15151013005569053
dropout,7003,88,0.01,0.30971330404281616,0.22176364064216614,0.9609375,0.22864144081955937
dropout,7003,89,0.01,0.31057503819465637,0.22132016718387604,0.9609375,0.13888950358888494
dropout,7003,90,0.01,0.3117068409919739,0.22205188870429993,0.96484375,0.14144772659705895
dropout,7003,91,0.01,0.3131348490715027,0.2225538194179535,0.9609375,0.1784043093619609
dropout,7003,92,0.01,0.3150557279586792,0.22343596816062927,0.9609375,0.14985209349007633
dropout,7003,93,0.01,0.31653541326522827,0.22512772679328918,0.953125,0.15881618660932592
dropout,7003,94,0.01,0.3181384801864624,0.2268720269203186,0.953125,0.16280097278792374
dropout,7003,95,0.01,0.3184759318828583,0.2273024022579193,0.94921875,0.15559904231470684
dropout,7003,96,0.01,0.31811437010765076,0.227591410279274,0.94921875,0.15106309447237634
dropout,7003,97,0.01,0.31705614924430847,0.22773638367652893,0.94921875,0.20104547402142137
dropout,7003,98,0.01,0.31604325771331787,0.22790083289146423,0.94921875,0.14112527921681112
dropout,7003,99,0.01,0.3151131272315979,0.22798681259155273,0.953125,0.11744486487974527
dropout,7003,100,0.01,0.314330130815506,0.22818437218666077,0.95703125,0.14999056043048614
dropout,7003,101,0.01,0.3134597837924957,0.22824743390083313,0.95703125,0.12881869677263477
dropout,7003,102,0.01,0.31286463141441345,0.2277812659740448,0.95703125,0.1354247180452924
dropout,7003,103,0.01,0.31288623809814453,0.2271510660648346,0.95703125,0.16191719409343833
dropout,7003,104,0.01,0.3125014901161194,0.2263597846031189,0.95703125,0.16533301788172008
dropout,7003,105,0.01,0.3122221827507019,0.2253812700510025,0.95703125,0.13433857622970533
dropout,7003,106,0.01,0.3118504285812378,0.22407524287700653,0.953125,0.13202077611725335
dropout,7003,107,0.01,0.31065452098846436,0.22277189791202545,0.953125,0.1855400032414807
dropout,7003,108,0.01,0.3099382519721985,0.22216638922691345,0.953125,0.17252694571727906
dropout,7003,109,0.01,0.3091388940811157,0.22125215828418732,0.95703125,0.19395721809259467
dropout,7003,110,0.01,0.30839279294013977,0.21965830028057098,0.9609375,0.12814337964793063
dropout,7003,111,0.01,0.30740219354629517,0.2182939350605011,0.9609375,0.15330943027983676
dropout,7003,112,0.01,0.30703622102737427,0.21757805347442627,0.96484375,0.16578825535278777
dropout,7003,113,0.01,0.30638399720191956,0.21731950342655182,0.9609375,0.12598689249057027
dropout,7003,114,0.01,0.3050600290298462,0.21690094470977783,0.95703125,0.1653282251128203
dropout,7003,115,0.01,0.3036543130874634,0.21655914187431335,0.95703125,0.19122471456403692
dropout,7003,116,0.01,0.3028451204299927,0.21588999032974243,0.95703125,0.1613916267652382
dropout,7003,117,0.01,0.3022177517414093,0.2155730128288269,0.95703125,0.1557225040471888
dropout,7003,118,0.01,0.3010731339454651,0.21524688601493835,0.9609375,0.1443838216300769
dropout,7003,119,0.01,0.30031201243400574,0.21515479683876038,0.9609375,0.1742163544731912
dropout,7003,120,0.01,0.2993430495262146,0.21487918496131897,0.9609375,0.13455843458569725
layernorm,7001,1,0.01,0.6245158314704895,0.6121107339859009,0.6796875,0.7630933913951414
layernorm,7001,2,0.01,0.5626742839813232,0.5563291907310486,0.75390625,0.6246955388451287
layernorm,7001,3,0.01,0.5144484639167786,0.5093259215354919,0.8359375,0.5010787231588189
layernorm,7001,4,0.01,0.4764114320278168,0.4692709147930145,0.87109375,0.4226873320623861
layernorm,7001,5,0.01,0.44584059715270996,0.43456748127937317,0.8984375,0.3518939707344479
layernorm,7001,6,0.01,0.4218096435070038,0.4047029912471771,0.92578125,0.30182546515775
layernorm,7001,7,0.01,0.4022989571094513,0.37921637296676636,0.92578125,0.2640228114954574
layernorm,7001,8,0.01,0.3854483664035797,0.3572757840156555,0.9375,0.24161945487476771
layernorm,7001,9,0.01,0.3705619275569916,0.33759111166000366,0.94140625,0.22485071702066178
layernorm,7001,10,0.01,0.35744526982307434,0.3202364444732666,0.9453125,0.21424515648952608
layernorm,7001,11,0.01,0.3455667495727539,0.3046632707118988,0.94140625,0.20345943959850143
layernorm,7001,12,0.01,0.33473458886146545,0.29083240032196045,0.9453125,0.19315611031474958
layernorm,7001,13,0.01,0.3250049352645874,0.2786898612976074,0.94921875,0.17671249564497202
layernorm,7001,14,0.01,0.3166576027870178,0.2680191099643707,0.94921875,0.15803309471896282
layernorm,7001,15,0.01,0.30927813053131104,0.2583509683609009,0.94921875,0.1433443999648552
layernorm,7001,16,0.01,0.30276280641555786,0.24901622533798218,0.94921875,0.1306608736159329
layernorm,7001,17,0.01,0.2970294952392578,0.23968853056430817,0.9453125,0.11718325976682534
layernorm,7001,18,0.01,0.29202374815940857,0.23068806529045105,0.9453125,0.10404459486618732
layernorm,7001,19,0.01,0.28756919503211975,0.22239099442958832,0.94140625,0.08909306992337662
layernorm,7001,20,0.01,0.28373992443084717,0.2148217260837555,0.94140625,0.08098726301393817
layernorm,7001,21,0.01,0.2806272506713867,0.20827825367450714,0.94140625,0.06744401303934078
layernorm,7001,22,0.01,0.27834659814834595,0.20302549004554749,0.94140625,0.05879632758903415
layernorm,7001,23,0.01,0.27664944529533386,0.1993209421634674,0.9375,0.049553161991975646
layernorm,7001,24,0.01,0.2754210829734802,0.19717280566692352,0.9375,0.045539957930888005
layernorm,7001,25,0.01,0.2744109332561493,0.19632580876350403,0.93359375,0.037828851440009664
layernorm,7001,26,0.01,0.27365028858184814,0.19660860300064087,0.94140625,0.042841326121498345
layernorm,7001,27,0.01,0.2730412483215332,0.19736766815185547,0.9375,0.04754431038836539
layernorm,7001,28,0.01,0.27235856652259827,0.19819588959217072,0.9375,0.05219813592812067
layernorm,7001,29,0.01,0.271514892578125,0.19887998700141907,0.93359375,0.05314824371665709
layernorm,7001,30,0.01,0.2706010937690735,0.1994026154279709,0.93359375,0.04821426827935623
layernorm,7001,31,0.01,0.26966163516044617,0.20003750920295715,0.93359375,0.04560327510711486
layernorm,7001,32,0.01,0.26870447397232056,0.20096474885940552,0.9296875,0.04371574261508353
layernorm,7001,33,0.01,0.2676321566104889,0.20240499079227448,0.9296875,0.04455712658746773
layernorm,7001,34,0.01,0.2665509581565857,0.2042393833398819,0.9296875,0.04221099222342479
layernorm,7001,35,0.01,0.26557934284210205,0.20610582828521729,0.9296875,0.03974477364995062
layernorm,7001,36,0.01,0.2647142708301544,0.20783200860023499,0.93359375,0.03706960576170835
layernorm,7001,37,0.01,0.2639820873737335,0.20911800861358643,0.93359375,0.039271107519113085
layernorm,7001,38,0.01,0.2631557285785675,0.21026748418807983,0.9375,0.03733897959920049
layernorm,7001,39,0.01,0.2623961269855499,0.21185599267482758,0.9375,0.041039637944062096
layernorm,7001,40,0.01,0.2618049085140228,0.21352948248386383,0.94140625,0.03132678684833032
layernorm,7001,41,0.01,0.2612811326980591,0.21486732363700867,0.94140625,0.032521982254057315
layernorm,7001,42,0.01,0.2607841193675995,0.21567870676517487,0.94140625,0.03318014923556377
layernorm,7001,43,0.01,0.26046010851860046,0.21613483130931854,0.9375,0.030091271919403532
layernorm,7001,44,0.01,0.2601243555545807,0.21649564802646637,0.9375,0.030695624388660137
layernorm,7001,45,0.01,0.2597683072090149,0.2167445719242096,0.9375,0.029659306763910594
layernorm,7001,46,0.01,0.25938880443573,0.216833233833313,0.9375,0.02900561751803515
layernorm,7001,47,0.01,0.25904738903045654,0.21686246991157532,0.9375,0.027741278709964172
layernorm,7001,48,0.01,0.258697509765625,0.21673136949539185,0.9375,0.028857791137468333
layernorm,7001,49,0.01,0.2583577036857605,0.21640393137931824,0.9375,0.02957310578742024
layernorm,7001,50,0.01,0.2579776644706726,0.2160448580980301,0.9375,0.029673366290726186
layernorm,7001,51,0.01,0.2575204074382782,0.21605755388736725,0.9375,0.02917900964152532
layernorm,7001,52,0.01,0.2570416033267975,0.21636170148849487,0.9375,0.026441675863310157
layernorm,7001,53,0.01,0.25648486614227295,0.21661485731601715,0.9375,0.0305437153952911
layernorm,7001,54,0.01,0.2559852600097656,0.21701273322105408,0.9375,0.0255741560858763
layernorm,7001,55,0.01,0.25552231073379517,0.2175254225730896,0.9375,0.026292440267343377
layernorm,7001,56,0.01,0.25505775213241577,0.21763576567173004,0.9375,0.02496221460886447
layernorm,7001,57,0.01,0.25459951162338257,0.21717503666877747,0.9375,0.025043765976981016
layernorm,7001,58,0.01,0.25421762466430664,0.21620790660381317,0.94140625,0.02368329846517298
layernorm,7001,59,0.01,0.25386902689933777,0.2154175341129303,0.94140625,0.022236630974756186
layernorm,7001,60,0.01,0.2534823715686798,0.2154671549797058,0.9375,0.02791510133769859
layernorm,7001,61,0.01,0.2531011998653412,0.21615706384181976,0.9375,0.025604596459050874
layernorm,7001,62,0.01,0.2527351379394531,0.2163388580083847,0.9375,0.025434785496563358
layernorm,7001,63,0.01,0.2523227035999298,0.21535049378871918,0.9375,0.03153068963116346
layernorm,7001,64,0.01,0.25199148058891296,0.213161438703537,0.9375,0.029671901653304987
layernorm,7001,65,0.01,0.2516058087348938,0.21166326105594635,0.9375,0.030190845020671674
layernorm,7001,66,0.01,0.2513037323951721,0.21123303472995758,0.9375,0.03239971399740379
layernorm,7001,67,0.01,0.2507549822330475,0.21021124720573425,0.9375,0.04719814380476938
layernorm,7001,68,0.01,0.2500031590461731,0.20899903774261475,0.9375,0.045934185493827925
layernorm,7001,69,0.01,0.24934418499469757,0.20867078006267548,0.9375,0.04113318779591953
layernorm,7001,70,0.01,0.24883714318275452,0.21077270805835724,0.9375,0.04502983829625912
layernorm,7001,71,0.01,0.2482941597700119,0.21286439895629883,0.9375,0.04266425439124698
layernorm,7001,72,0.01,0.24725176393985748,0.2104243040084839,0.9375,0.08035196928320353
layernorm,7001,73,0.01,0.24649417400360107,0.20695345103740692,0.94140625,0.06604974377560467
layernorm,7001,74,0.01,0.24626901745796204,0.20630772411823273,0.94140625,0.04908061232145559
layernorm,7001,75,0.01,0.24614624679088593,0.2082916647195816,0.94140625,0.0448746441740829
layernorm,7001,76,0.01,0.24609583616256714,0.2109113186597824,0.94140625,0.0517008897522314
layernorm,7001,77,0.01,0.2457277923822403,0.21027109026908875,0.94140625,0.06313657447847316
layernorm,7001,78,0.01,0.24530309438705444,0.20822055637836456,0.94140625,0.050492561976144976
layernorm,7001,79,0.01,0.24482503533363342,0.2072623074054718,0.94140625,0.046406519956052966
layernorm,7001,80,0.01,0.24423542618751526,0.2084803581237793,0.94140625,0.0544678900033117
layernorm,7001,81,0.01,0.2438381314277649,0.20939119160175323,0.94140625,0.03917142994746211
layernorm,7001,82,0.01,0.24316009879112244,0.20742246508598328,0.94140625,0.06301918993684132
layernorm,7001,83,0.01,0.24269172549247742,0.20682597160339355,0.94140625,0.05266853666797401
layernorm,7001,84,0.01,0.24226517975330353,0.2079131156206131,0.9375,0.04584073345070988
layernorm,7001,85,0.01,0.24177217483520508,0.20997221767902374,0.9375,0.040397857476563055
layernorm,7001,86,0.01,0.24127113819122314,0.20992986857891083,0.9375,0.04390588708583497
layernorm,7001,87,0.01,0.24091437458992004,0.2103547304868698,0.94140625,0.035520735323077826
layernorm,7001,88,0.01,0.24050083756446838,0.2129153311252594,0.94140625,0.04311388399928139
layernorm,7001,89,0.01,0.24005752801895142,0.21489831805229187,0.94140625,0.04065695352986406
layernorm,7001,90,0.01,0.2394552379846573,0.21180607378482819,0.9453125,0.06987688437937345
layernorm,7001,91,0.01,0.23887458443641663,0.21061041951179504,0.9453125,0.06505484754349232
layernorm,7001,92,0.01,0.23845887184143066,0.20730218291282654,0.94921875,0.047361353522460105
layernorm,7001,93,0.01,0.23795221745967865,0.20827896893024445,0.94921875,0.05470787680131902
layernorm,7001,94,0.01,0.2372218817472458,0.21045011281967163,0.9453125,0.04581830561056239
layernorm,7001,95,0.01,0.23668958246707916,0.21353328227996826,0.9453125,0.036106060020989046
layernorm,7001,96,0.01,0.23597583174705505,0.21410785615444183,0.9453125,0.06499134384402555
layernorm,7001,97,0.01,0.23539236187934875,0.21430310606956482,0.9453125,0.043124354031157136
layernorm,7001,98,0.01,0.23480498790740967,0.21162597835063934,0.94921875,0.058460273423734936
layernorm,7001,99,0.01,0.2343176007270813,0.20919735729694366,0.94921875,0.043446817057884106
layernorm,7001,100,0.01,0.23381926119327545,0.20900306105613708,0.9453125,0.05757453159646091
layernorm,7001,101,0.01,0.2333599328994751,0.20757976174354553,0.9453125,0.05724808904107548
layernorm,7001,102,0.01,0.2330516278743744,0.20622342824935913,0.9453125,0.039960717586796195
layernorm,7001,103,0.01,0.2329210489988327,0.20661227405071259,0.9453125,0.03954119049646895
layernorm,7001,104,0.01,0.23265808820724487,0.20499053597450256,0.94921875,0.0492347299519069
layernorm,7001,105,0.01,0.23238250613212585,0.20687060058116913,0.94921875,0.044784657054901325
layernorm,7001,106,0.01,0.23190897703170776,0.20838207006454468,0.9453125,0.048717779983646785
layernorm,7001,107,0.01,0.23156306147575378,0.20764769613742828,0.9453125,0.05035149842137519
layernorm,7001,108,0.01,0.23122073709964752,0.20492929220199585,0.9453125,0.047632370248155316
layernorm,7001,109,0.01,0.2306687831878662,0.2055443376302719,0.9453125,0.05353753918629933
layernorm,7001,110,0.01,0.23028719425201416,0.20733776688575745,0.9453125,0.042809294115053395
layernorm,7001,111,0.01,0.23014941811561584,0.20269227027893066,0.9453125,0.09368121188502916
layernorm,7001,112,0.01,0.2295624017715454,0.2110113501548767,0.9453125,0.14928850041501118
layernorm,7001,113,0.01,0.22914576530456543,0.2054140716791153,0.9453125,0.18291184163019586
layernorm,7001,114,0.01,0.2284041792154312,0.2100803256034851,0.9453125,0.14646714670455355
layernorm,7001,115,0.01,0.22825375199317932,0.21004758775234222,0.9453125,0.04863676184360621
layernorm,7001,116,0.01,0.22773566842079163,0.20434817671775818,0.9453125,0.10336877495086054
layernorm,7001,117,0.01,0.2272200882434845,0.20529282093048096,0.9453125,0.0765012074686158
layernorm,7001,118,0.01,0.22662091255187988,0.21207916736602783,0.94921875,0.08569871868226919
layernorm,7001,119,0.01,0.22604793310165405,0.21071270108222961,0.94921875,0.0845973326343895
layernorm,7001,120,0.01,0.2259887158870697,0.2001597285270691,0.94921875,0.0993231816395231
layernorm,7002,1,0.01,0.7131695747375488,0.7453986406326294,0.484375,0.5298924992185988
layernorm,7002,2,0.01,0.6655535101890564,0.68553227186203,0.64453125,0.4459947310920314
layernorm,7002,3,0.01,0.6266813278198242,0.6378535032272339,0.6953125,0.3876842736696066
layernorm,7002,4,0.01,0.5917102098464966,0.5969029664993286,0.69921875,0.35482183957192054
layernorm,7002,5,0.01,0.5591312646865845,0.5613855719566345,0.6953125,0.33467108572968524
layernorm,7002,6,0.01,0.5302050113677979,0.5304904580116272,0.70703125,0.3122512330136787
layernorm,7002,7,0.01,0.5049868822097778,0.5033187866210938,0.7421875,0.28763107166803625
layernorm,7002,8,0.01,0.4822123050689697,0.4790760278701782,0.79296875,0.26376916715165355
layernorm,7002,9,0.01,0.46118229627609253,0.455767959356308,0.83203125,0.24858475044629233
layernorm,7002,10,0.01,0.442207932472229,0.4332711100578308,0.84375,0.23205922024714523
layernorm,7002,11,0.01,0.4251158833503723,0.41161268949508667,0.86328125,0.21552481807817758
layernorm,7002,12,0.01,0.41007453203201294,0.39105427265167236,0.8671875,0.1990874508034958
layernorm,7002,13,0.01,0.39628544449806213,0.3707640767097473,0.90625,0.18508158909858133
layernorm,7002,14,0.01,0.3836182653903961,0.35135310888290405,0.9296875,0.1760105297991913
layernorm,7002,15,0.01,0.3721703886985779,0.33336111903190613,0.94140625,0.1664632734727384
layernorm,7002,16,0.01,0.36178362369537354,0.31695160269737244,0.94921875,0.16059227121634836
layernorm,7002,17,0.01,0.3523421883583069,0.30237138271331787,0.9453125,0.1524246572952891
layernorm,7002,18,0.01,0.343940407037735,0.28975188732147217,0.94921875,0.14314990945002243
layernorm,7002,19,0.01,0.336439847946167,0.2791304886341095,0.94140625,0.13232598928203107
layernorm,7002,20,0.01,0.32962876558303833,0.2696545124053955,0.9375,0.12219388348865948
layernorm,7002,21,0.01,0.3232544958591461,0.2607162594795227,0.9375,0.1162054541346275
layernorm,7002,22,0.01,0.3172086775302887,0.2518227696418762,0.9375,0.10969951143691758
layernorm,7002,23,0.01,0.3113875389099121,0.24278494715690613,0.9453125,0.1026409961132333
layernorm,7002,24,0.01,0.3058511018753052,0.2338075041770935,0.9453125,0.0956834357877259
layernorm,7002,25,0.01,0.30066752433776855,0.22513729333877563,0.94140625,0.0920523066628298
layernorm,7002,26,0.01,0.2961459159851074,0.2173083871603012,0.9375,0.08719588735076987
layernorm,7002,27,0.01,0.2914814352989197,0.21034733951091766,0.9375,0.08801045004468103
layernorm,7002,28,0.01,0.2870357930660248,0.20400212705135345,0.94140625,0.08352009748639208
layernorm,7002,29,0.01,0.28282058238983154,0.1982571929693222,0.94140625,0.07633452780944916
layernorm,7002,30,0.01,0.2791425585746765,0.19237813353538513,0.9453125,0.06966521717749116
layernorm,7002,31,0.01,0.2762266993522644,0.18735238909721375,0.9375,0.06436421440135788
layernorm,7002,32,0.01,0.27385252714157104,0.18370026350021362,0.9375,0.06085627834940658
layernorm,7002,33,0.01,0.2720765769481659,0.18128173053264618,0.9375,0.057633949314125375
layernorm,7002,34,0.01,0.27055788040161133,0.1800408512353897,0.9375,0.058323784584685096
layernorm,7002,35,0.01,0.2691466212272644,0.17900171875953674,0.93359375,0.05500430226237877
layernorm,7002,36,0.01,0.26774126291275024,0.17736771702766418,0.93359375,0.05457327697644544
layernorm,7002,37,0.01,0.2665059566497803,0.17527158558368683,0.9375,0.04445241923161961
layernorm,7002,38,0.01,0.2655060291290283,0.17321880161762238,0.9375,0.04063887669477753
layernorm,7002,39,0.01,0.26470044255256653,0.17201188206672668,0.9375,0.04138597803700728
layernorm,7002,40,0.01,0.26383304595947266,0.1713121235370636,0.9375,0.04939313393366449
layernorm,7002,41,0.01,0.26285555958747864,0.17158187925815582,0.9375,0.04367134691097002
layernorm,7002,42,0.01,0.2618749439716339,0.1727178394794464,0.94140625,0.04066395225636294
layernorm,7002,43,0.01,0.2609349191188812,0.1743226945400238,0.94140625,0.04018512869557848
layernorm,7002,44,0.01,0.25998011231422424,0.1758633852005005,0.94140625,0.04393011285230734
layernorm,7002,45,0.01,0.2589839696884155,0.17708566784858704,0.9375,0.043983638399956226
layernorm,7002,46,0.01,0.2577841877937317,0.17784816026687622,0.9375,0.0489976479318736
layernorm,7002,47,0.01,0.25665321946144104,0.1786976456642151,0.9375,0.04068958364078628
layernorm,7002,48,0.01,0.25579679012298584,0.18048083782196045,0.94140625,0.0318298445172811
layernorm,7002,49,0.01,0.2550721764564514,0.18332058191299438,0.94140625,0.03298104825262782
layernorm,7002,50,0.01,0.254395067691803,0.1863437294960022,0.9453125,0.038741139518439466
layernorm,7002,51,0.01,0.25368908047676086,0.18896347284317017,0.94140625,0.033488259905084194
layernorm,7002,52,0.01,0.2530084252357483,0.19003862142562866,0.94140625,0.03608757041739527
layernorm,7002,53,0.01,0.25255924463272095,0.1911318004131317,0.94140625,0.036853618463325175
layernorm,7002,54,0.01,0.25209707021713257,0.19235560297966003,0.94140625,0.04106354458057704
layernorm,7002,55,0.01,0.25161027908325195,0.1951368749141693,0.9375,0.04149414939544996
layernorm,7002,56,0.01,0.2510893940925598,0.19736680388450623,0.9375,0.03636973206125509
layernorm,7002,57,0.01,0.25051525235176086,0.19744578003883362,0.94140625,0.03645342350113106
layernorm,7002,58,0.01,0.24982501566410065,0.195377379655838,0.94140625,0.038258086658429766
layernorm,7002,59,0.01,0.2491932213306427,0.19378112256526947,0.94140625,0.03430723955013313
layernorm,7002,60,0.01,0.24857178330421448,0.19440396130084991,0.94140625,0.03739853360625963
layernorm,7002,61,0.01,0.24800215661525726,0.19555982947349548,0.94140625,0.03681108900563143
layernorm,7002,62,0.01,0.2474629282951355,0.19518357515335083,0.94140625,0.038816367652504825
layernorm,7002,63,0.01,0.24697880446910858,0.194396510720253,0.94140625,0.025527449883384144
layernorm,7002,64,0.01,0.24637874960899353,0.19491055607795715,0.94140625,0.042374684764401344
layernorm,7002,65,0.01,0.2458026260137558,0.1945057213306427,0.94140625,0.03796379897330068
layernorm,7002,66,0.01,0.24513885378837585,0.1945328712463379,0.94140625,0.032072251671275934
layernorm,7002,67,0.01,0.24447473883628845,0.19466227293014526,0.94140625,0.031744916672099
layernorm,7002,68,0.01,0.2437419295310974,0.19448590278625488,0.94140625,0.029554752529365732
layernorm,7002,69,0.01,0.24304188787937164,0.1957150399684906,0.9453125,0.028941492945059592
layernorm,7002,70,0.01,0.24234694242477417,0.1969664990901947,0.9453125,0.040819809620508817
layernorm,7002,71,0.01,0.24166908860206604,0.19949562847614288,0.9453125,0.04720090345295029
layernorm,7002,72,0.01,0.24106058478355408,0.1963091492652893,0.9453125,0.07532648198479243
layernorm,7002,73,0.01,0.24103033542633057,0.20096629858016968,0.9453125,0.13584148849794037
layernorm,7002,74,0.01,0.24169787764549255,0.1950041949748993,0.953125,0.2433297037361647
layernorm,7002,75,0.01,0.24378052353858948,0.20620018243789673,0.9453125,0.4793777079134298
layernorm,7002,76,0.01,0.23983541131019592,0.19675391912460327,0.94921875,0.7151620059637515
layernorm,7002,77,0.01,0.24156033992767334,0.1959504783153534,0.94921875,0.2775448905114978
layernorm,7002,78,0.01,0.24175065755844116,0.20513346791267395,0.94921875,0.6260639982504492
layernorm,7002,79,0.01,0.2386995553970337,0.19799166917800903,0.94921875,0.615536974590416
layernorm,7002,80,0.01,0.23988671600818634,0.18850430846214294,0.953125,0.24729042365316836
layernorm,7002,81,0.01,0.23718726634979248,0.1940731704235077,0.94921875,0.5576093614224208
layernorm,7002,82,0.01,0.23806515336036682,0.19937267899513245,0.9453125,0.046025312800766424
layernorm,7002,83,0.01,0.23676154017448425,0.19783425331115723,0.94921875,0.30113972732882527
layernorm,7002,84,0.01,0.2365475744009018,0.19411955773830414,0.94921875,0.09070010123872184
layernorm,7002,85,0.01,0.23670148849487305,0.19375160336494446,0.94921875,0.11948690878850848
layernorm,7002,86,0.01,0.23558321595191956,0.19817711412906647,0.94921875,0.2356050333197035
layernorm,7002,87,0.01,0.23565000295639038,0.20191572606563568,0.94921875,0.02986791275474776
layernorm,7002,88,0.01,0.23512832820415497,0.2004816234111786,0.94921875,0.12780016024103485
layernorm,7002,89,0.01,0.23482461273670197,0.19539135694503784,0.94921875,0.08005795637343152
layernorm,7002,90,0.01,0.2345484495162964,0.19449184834957123,0.94921875,0.055128076250985814
layernorm,7002,91,0.01,0.2341146469116211,0.19951015710830688,0.94921875,0.09975871351592097
layernorm,7002,92,0.01,0.23385709524154663,0.20057083666324615,0.94921875,0.05262301811071872
layernorm,7002,93,0.01,0.23349183797836304,0.19708755612373352,0.94921875,0.0647352941609762
layernorm,7002,94,0.01,0.23336228728294373,0.19421899318695068,0.953125,0.04489920275612139
layernorm,7002,95,0.01,0.232951819896698,0.19572660326957703,0.94921875,0.052927118219018514
layernorm,7002,96,0.01,0.2326795607805252,0.20049409568309784,0.94921875,0.04908073818220659
layernorm,7002,97,0.01,0.23246927559375763,0.2023354023694992,0.94921875,0.04018798418701069
layernorm,7002,98,0.01,0.23192593455314636,0.19822651147842407,0.94921875,0.06112185236686739
layernorm,7002,99,0.01,0.23166222870349884,0.19445273280143738,0.94921875,0.03260439397167864
layernorm,7002,100,0.01,0.23124592006206512,0.19530291855335236,0.94921875,0.053668145040221424
layernorm,7002,101,0.01,0.23081736266613007,0.19826947152614594,0.94921875,0.03731590087226546
layernorm,7002,102,0.01,0.23054702579975128,0.200074702501297,0.94921875,0.02810760489291555
layernorm,7002,103,0.01,0.23029352724552155,0.19842690229415894,0.94921875,0.043398742588450466
layernorm,7002,104,0.01,0.22987136244773865,0.19804006814956665,0.94921875,0.054791538849703406
layernorm,7002,105,0.01,0.22952979803085327,0.19604159891605377,0.94921875,0.03148604885057716
layernorm,7002,106,0.01,0.22920937836170197,0.19520363211631775,0.94921875,0.034006332789150474
layernorm,7002,107,0.01,0.22890543937683105,0.1953439861536026,0.94921875,0.03327685390551968
layernorm,7002,108,0.01,0.22860051691532135,0.1962597519159317,0.94921875,0.031333951538076735
layernorm,7002,109,0.01,0.22824788093566895,0.19628292322158813,0.94921875,0.03569831037636937
layernorm,7002,110,0.01,0.22791336476802826,0.19595062732696533,0.94921875,0.03191058277370446
layernorm,7002,111,0.01,0.22754143178462982,0.19541160762310028,0.94921875,0.030676312617989594
layernorm,7002,112,0.01,0.2271847277879715,0.19579914212226868,0.94921875,0.028518436256820493
layernorm,7002,113,0.01,0.22681520879268646,0.19662602245807648,0.94921875,0.02995283856361194
layernorm,7002,114,0.01,0.22644853591918945,0.19639897346496582,0.94921875,0.033221798820459766
layernorm,7002,115,0.01,0.22608157992362976,0.1957937330007553,0.94921875,0.032245904686562576
layernorm,7002,116,0.01,0.2256813496351242,0.19729916751384735,0.94921875,0.042586095415261656
layernorm,7002,117,0.01,0.2252514660358429,0.19510196149349213,0.94921875,0.039689617189276785
layernorm,7002,118,0.01,0.2248101532459259,0.19226063787937164,0.94921875,0.03180547901226035
layernorm,7002,119,0.01,0.22423464059829712,0.194481760263443,0.94921875,0.059566494111559655
layernorm,7002,120,0.01,0.2237016260623932,0.1950436681509018,0.94921875,0.0385017218207074
layernorm,7003,1,0.01,0.5003528594970703,0.49051880836486816,0.82421875,0.53511553380171
layernorm,7003,2,0.01,0.4605367183685303,0.4543236196041107,0.83984375,0.4041870157953613
layernorm,7003,3,0.01,0.43370693922042847,0.4281292259693146,0.84375,0.2799536042253656
layernorm,7003,4,0.01,0.41656047105789185,0.40744248032569885,0.8515625,0.20803170151983372
layernorm,7003,5,0.01,0.4031631350517273,0.3887909948825836,0.859375,0.19245816702126886
layernorm,7003,6,0.01,0.39037400484085083,0.36955392360687256,0.85546875,0.20354665193777402
layernorm,7003,7,0.01,0.3773397207260132,0.3495018184185028,0.87109375,0.20625397742023419
layernorm,7003,8,0.01,0.36475926637649536,0.32984381914138794,0.875,0.19920572946577428
layernorm,7003,9,0.01,0.3530489206314087,0.31105679273605347,0.890625,0.18380473542098302
layernorm,7003,10,0.01,0.3426383435726166,0.29423534870147705,0.8984375,0.15998225570931918
layernorm,7003,11,0.01,0.33376064896583557,0.2793828845024109,0.9140625,0.13884375081398306
layernorm,7003,12,0.01,0.326377809047699,0.26592302322387695,0.92578125,0.11727542686093563
layernorm,7003,13,0.01,0.320291131734848,0.2546251118183136,0.92578125,0.10449083911029099
layernorm,7003,14,0.01,0.31495341658592224,0.2450675368309021,0.92578125,0.09589195188866628
layernorm,7003,15,0.01,0.3100314736366272,0.2368553876876831,0.9375,0.10071729884493778
layernorm,7003,16,0.01,0.3054961562156677,0.22958236932754517,0.9375,0.10200942389418098
layernorm,7003,17,0.01,0.3013453781604767,0.22320586442947388,0.9375,0.10098744566724456
layernorm,7003,18,0.01,0.29703763127326965,0.2174517810344696,0.93359375,0.09303475604749466
layernorm,7003,19,0.01,0.29270246624946594,0.21248643100261688,0.94140625,0.09170214634424538
layernorm,7003,20,0.01,0.28910043835639954,0.20847788453102112,0.94140625,0.07927624548602627
layernorm,7003,21,0.01,0.28628432750701904,0.2056056261062622,0.94140625,0.07060689898523936
layernorm,7003,22,0.01,0.2837837338447571,0.2039506435394287,0.94140625,0.06871836164424328
layernorm,7003,23,0.01,0.28159329295158386,0.20322327315807343,0.9375,0.06751246944511384
layernorm,7003,24,0.01,0.2796066403388977,0.20246344804763794,0.9375,0.06864755015126177
layernorm,7003,25,0.01,0.2775944471359253,0.2007942795753479,0.9375,0.06687443939742131
layernorm,7003,26,0.01,0.27547529339790344,0.19839006662368774,0.9375,0.06721933473937981
layernorm,7003,27,0.01,0.27330562472343445,0.19552777707576752,0.9375,0.06552441778310156
layernorm,7003,28,0.01,0.2710970342159271,0.1926354318857193,0.94140625,0.06198017295387653
layernorm,7003,29,0.01,0.26903367042541504,0.19015659391880035,0.9453125,0.054630294692157536
layernorm,7003,30,0.01,0.2673824727535248,0.18838725984096527,0.94140625,0.048409775706623887
layernorm,7003,31,0.01,0.2660587728023529,0.1875135898590088,0.94140625,0.045468280271215335
layernorm,7003,32,0.01,0.2649332284927368,0.18749505281448364,0.9375,0.04316266864485341
layernorm,7003,33,0.01,0.26383042335510254,0.18792997300624847,0.9375,0.043707413598000275
layernorm,7003,34,0.01,0.26268118619918823,0.18855729699134827,0.9375,0.045990296195379934
layernorm,7003,35,0.01,0.26148760318756104,0.18916422128677368,0.94140625,0.05213898359850016
layernorm,7003,36,0.01,0.26030316948890686,0.18938983976840973,0.94140625,0.04906207742745332
layernorm,7003,37,0.01,0.2590682804584503,0.18930169939994812,0.9375,0.04379961910392924
layernorm,7003,38,0.01,0.25795978307724,0.18931825459003448,0.9375,0.041559715551216916
layernorm,7003,39,0.01,0.25699320435523987,0.18982389569282532,0.9375,0.03526042907154185
layernorm,7003,40,0.01,0.25606006383895874,0.19064182043075562,0.93359375,0.03432438468324898
layernorm,7003,41,0.01,0.25514835119247437,0.19157719612121582,0.93359375,0.03403480633887419
layernorm,7003,42,0.01,0.25443434715270996,0.19295303523540497,0.93359375,0.03534426180677849
layernorm,7003,43,0.01,0.25371253490448,0.19408321380615234,0.93359375,0.034986135869450756
layernorm,7003,44,0.01,0.2531196177005768,0.19491557776927948,0.93359375,0.03520625329069997
layernorm,7003,45,0.01,0.25253090262413025,0.19576005637645721,0.93359375,0.04093966486777443
layernorm,7003,46,0.01,0.2518647611141205,0.19681912660598755,0.93359375,0.04106675096195628
layernorm,7003,47,0.01,0.2512606084346771,0.19807936251163483,0.93359375,0.039329918950060674
layernorm,7003,48,0.01,0.2506822645664215,0.1988849937915802,0.9375,0.03534957248000063
layernorm,7003,49,0.01,0.25006189942359924,0.19925719499588013,0.9375,0.03773452372155076
layernorm,7003,50,0.01,0.24945005774497986,0.19978396594524384,0.9375,0.032619184225713194
layernorm,7003,51,0.01,0.24893313646316528,0.20136132836341858,0.9375,0.03293306806169164
layernorm,7003,52,0.01,0.24844692647457123,0.20378181338310242,0.9296875,0.03307836941401125
layernorm,7003,53,0.01,0.2479446828365326,0.20525044202804565,0.9296875,0.030847726204944012
layernorm,7003,54,0.01,0.24732179939746857,0.20477160811424255,0.9296875,0.04197675789973295
layernorm,7003,55,0.01,0.2466348558664322,0.20444394648075104,0.9296875,0.03590142548754988
layernorm,7003,56,0.01,0.24613839387893677,0.20444467663764954,0.93359375,0.030930061460886154
layernorm,7003,57,0.01,0.2455921620130539,0.20654097199440002,0.93359375,0.0426252332825154
layernorm,7003,58,0.01,0.24502024054527283,0.20851726830005646,0.93359375,0.03264083490728227
layernorm,7003,59,0.01,0.2444261759519577,0.20879192650318146,0.93359375,0.032487884540041236
layernorm,7003,60,0.01,0.24389514327049255,0.20770010352134705,0.93359375,0.03614577146050142
layernorm,7003,61,0.01,0.24319197237491608,0.2087738811969757,0.9375,0.04893425687801028
layernorm,7003,62,0.01,0.2425614297389984,0.21069641411304474,0.9375,0.04687019082856182
layernorm,7003,63,0.01,0.24177639186382294,0.21032758057117462,0.9375,0.045225371382640135
layernorm,7003,64,0.01,0.2410777509212494,0.20863811671733856,0.93359375,0.046248000569943444
layernorm,7003,65,0.01,0.24052397906780243,0.20931345224380493,0.93359375,0.039014174046495265
layernorm,7003,66,0.01,0.23983299732208252,0.21398255228996277,0.9375,0.058020517426663296
layernorm,7003,67,0.01,0.23922306299209595,0.21743106842041016,0.9375,0.03938485465301708
layernorm,7003,68,0.01,0.23867939412593842,0.21570518612861633,0.9375,0.0682293374991541
layernorm,7003,69,0.01,0.2381189614534378,0.21409852802753448,0.9375,0.05650246823608897
layernorm,7003,70,0.01,0.23704087734222412,0.21379458904266357,0.9375,0.07162641297773914
layernorm,7003,71,0.01,0.23612278699874878,0.21369700133800507,0.93359375,0.045628882560976386
layernorm,7003,72,0.01,0.235503688454628,0.21084493398666382,0.93359375,0.06321745501746234
layernorm,7003,73,0.01,0.23451682925224304,0.21264025568962097,0.9375,0.06259237809052035
layernorm,7003,74,0.01,0.23354437947273254,0.21530872583389282,0.93359375,0.04385779509530247
layernorm,7003,75,0.01,0.2331829071044922,0.2135421335697174,0.93359375,0.04928470568540001
layernorm,7003,76,0.01,0.2323542833328247,0.21182316541671753,0.93359375,0.08785486973791957
layernorm,7003,77,0.01,0.23172517120838165,0.20810553431510925,0.94140625,0.08074571160022105
layernorm,7003,78,0.01,0.23095834255218506,0.20675228536128998,0.9375,0.071659512654383
layernorm,7003,79,0.01,0.2300386279821396,0.203867107629776,0.9375,0.09028562042073879
layernorm,7003,80,0.01,0.22888855636119843,0.2074379026889801,0.9375,0.10092166006803487
layernorm,7003,81,0.01,0.2280428111553192,0.206905335187912,0.9375,0.08125944885012643
layernorm,7003,82,0.01,0.22741249203681946,0.20293870568275452,0.94140625,0.0564281259480436
layernorm,7003,83,0.01,0.22637800872325897,0.20619556307792664,0.94140625,0.1288828873803083
layernorm,7003,84,0.01,0.2253505438566208,0.20357510447502136,0.94140625,0.09509849986410183
layernorm,7003,85,0.01,0.22468069195747375,0.20009906589984894,0.9453125,0.08075730371526423
layernorm,7003,86,0.01,0.22321952879428864,0.21092849969863892,0.94140625,0.1292583350468662
layernorm,7003,87,0.01,0.22257906198501587,0.21492435038089752,0.94140625,0.08225319563895593
layernorm,7003,88,0.01,0.2217389941215515,0.20429293811321259,0.9453125,0.11100076577621436
layernorm,7003,89,0.01,0.22027888894081116,0.21152181923389435,0.9453125,0.22734196746272678
layernorm,7003,90,0.01,0.21875913441181183,0.20193791389465332,0.94921875,0.2190524259122562
layernorm,7003,91,0.01,0.21709895133972168,0.20672599971294403,0.94921875,0.11495175269489522
layernorm,7003,92,0.01,0.21565483510494232,0.21539245545864105,0.9453125,0.07910564509435318
layernorm,7003,93,0.01,0.21488511562347412,0.21258628368377686,0.9453125,0.0945990122998077
layernorm,7003,94,0.01,0.21503272652626038,0.21729443967342377,0.9453125,0.1273643532379304
layernorm,7003,95,0.01,0.21416392922401428,0.2112153172492981,0.9453125,0.1874902377584538
layernorm,7003,96,0.01,0.21235479414463043,0.2193414866924286,0.9453125,0.18573098289232826
layernorm,7003,97,0.01,0.21175479888916016,0.21423327922821045,0.94921875,0.13729166021163064
layernorm,7003,98,0.01,0.21121196448802948,0.21539494395256042,0.94921875,0.09231040446596704
layernorm,7003,99,0.01,0.20982030034065247,0.21721810102462769,0.94921875,0.11331002602134407
layernorm,7003,100,0.01,0.20941756665706635,0.22431401908397675,0.94921875,0.10439879701234754
layernorm,7003,101,0.01,0.20926813781261444,0.21841952204704285,0.9453125,0.1836090682450947
layernorm,7003,102,0.01,0.20901021361351013,0.23744378983974457,0.9375,0.28904254050178874
layernorm,7003,103,0.01,0.21126088500022888,0.21330949664115906,0.9453125,0.4483294293343924
layernorm,7003,104,0.01,0.2080560177564621,0.2469692826271057,0.93359375,0.5611192305371459
layernorm,7003,105,0.01,0.20541633665561676,0.24494948983192444,0.9375,0.43844917682838913
layernorm,7003,106,0.01,0.2072896659374237,0.23199443519115448,0.9375,0.2036036646282095
layernorm,7003,107,0.01,0.20878911018371582,0.25638774037361145,0.9296875,0.5028145913022212
layernorm,7003,108,0.01,0.20558401942253113,0.22937467694282532,0.94140625,0.7851913591772006
layernorm,7003,109,0.01,0.20310182869434357,0.2400551289319992,0.94140625,0.5064288654489421
layernorm,7003,110,0.01,0.2023725062608719,0.2511182427406311,0.93359375,0.211342021860857
layernorm,7003,111,0.01,0.2030947208404541,0.24309614300727844,0.9375,0.21950145347927486
layernorm,7003,112,0.01,0.20160238444805145,0.2461441457271576,0.93359375,0.3547749112985116
layernorm,7003,113,0.01,0.2010984569787979,0.23193606734275818,0.9375,0.26372436496227325
layernorm,7003,114,0.01,0.20002800226211548,0.23360459506511688,0.9375,0.17745947091601355
layernorm,7003,115,0.01,0.1990494281053543,0.24138180911540985,0.9296875,0.09511202365718506
layernorm,7003,116,0.01,0.19946856796741486,0.245712012052536,0.93359375,0.12068720986716666
layernorm,7003,117,0.01,0.1981697678565979,0.25119736790657043,0.91796875,0.1878031538227472
layernorm,7003,118,0.01,0.20288628339767456,0.2228541076183319,0.94140625,0.3562583970517573
layernorm,7003,119,0.01,0.20192444324493408,0.2540484666824341,0.9140625,0.704237826044881
layernorm,7003,120,0.01,0.20266243815422058,0.22832651436328888,0.94921875,0.929117890658967
schedule,7001,1,0.01,0.6794271469116211,0.6810355186462402,0.62890625,1.0733769225283676
schedule,7001,2,0.01,0.6057749390602112,0.6095340251922607,0.67578125,0.8997196629414993
schedule,7001,3,0.01,0.5477449893951416,0.5459339022636414,0.70703125,0.7522501492010286
schedule,7001,4,0.01,0.5010645985603333,0.4893651604652405,0.78125,0.6372148542545126
schedule,7001,5,0.01,0.4641280174255371,0.43975406885147095,0.859375,0.5254023953452365
schedule,7001,6,0.01,0.43437010049819946,0.39717528223991394,0.91796875,0.42363256566140284
schedule,7001,7,0.01,0.4107866883277893,0.36118727922439575,0.9375,0.3411646156067472
schedule,7001,8,0.01,0.39205190539360046,0.3309827446937561,0.9375,0.28184787535531686
schedule,7001,9,0.01,0.37734338641166687,0.30589815974235535,0.9375,0.24448722493486025
schedule,7001,10,0.01,0.3652728199958801,0.2847078740596771,0.94140625,0.21930186769581755
schedule,7001,11,0.01,0.3551707863807678,0.2669665515422821,0.9453125,0.20757251256013995
schedule,7001,12,0.01,0.34620335698127747,0.2519341707229614,0.9453125,0.19798110292338597
schedule,7001,13,0.01,0.3382507562637329,0.239205464720726,0.9453125,0.17920198725879719
schedule,7001,14,0.01,0.33128106594085693,0.22835120558738708,0.94921875,0.1566676703277128
schedule,7001,15,0.01,0.32563066482543945,0.21919016540050507,0.94921875,0.13149328519375236
schedule,7001,16,0.01,0.32121968269348145,0.2114456743001938,0.953125,0.10750979034613559
schedule,7001,17,0.01,0.31808042526245117,0.20478402078151703,0.94921875,0.08911164165100373
schedule,7001,18,0.01,0.3157275319099426,0.19876053929328918,0.9453125,0.08943548672330413
schedule,7001,19,0.01,0.3138246536254883,0.19317902624607086,0.9453125,0.08052611960311125
schedule,7001,20,0.01,0.3122808039188385,0.18790140748023987,0.9453125,0.08136639672536984
schedule,7001,21,0.01,0.3109418749809265,0.182878315448761,0.94140625,0.08674919212221006
schedule,7001,22,0.01,0.30968862771987915,0.178251251578331,0.94140625,0.09120519692939022
schedule,7001,23,0.01,0.3084702789783478,0.17421039938926697,0.94140625,0.08758868999001597
schedule,7001,24,0.01,0.30729907751083374,0.17083674669265747,0.9453125,0.08098995349238437
schedule,7001,25,0.01,0.30615830421447754,0.1681794375181198,0.9453125,0.07480529422769183
schedule,7001,26,0.01,0.3051122725009918,0.1662408858537674,0.9453125,0.06598129630186664
schedule,7001,27,0.01,0.3041742742061615,0.16498002409934998,0.9453125,0.05478162566866087
schedule,7001,28,0.01,0.30335700511932373,0.16422106325626373,0.9453125,0.05995729121605232
schedule,7001,29,0.01,0.3025016188621521,0.1636648178100586,0.9453125,0.06323822166306928
schedule,7001,30,0.01,0.30129843950271606,0.1631249189376831,0.9453125,0.07610099210977717
schedule,7001,31,0.01,0.29977476596832275,0.16249288618564606,0.9453125,0.09031567437349498
schedule,7001,32,0.01,0.2982390224933624,0.16191112995147705,0.9453125,0.08775748688427018
schedule,7001,33,0.01,0.2967572510242462,0.16166219115257263,0.94921875,0.07224521049349472
schedule,7001,34,0.01,0.2953243851661682,0.1618472784757614,0.94921875,0.06655877931591779
schedule,7001,35,0.01,0.2939701974391937,0.16259925067424774,0.9453125,0.06134336972454715
schedule,7001,36,0.01,0.2924683392047882,0.1639193296432495,0.9453125,0.05728416581305715
schedule,7001,37,0.01,0.29106512665748596,0.16567997634410858,0.9453125,0.06776305810816313
schedule,7001,38,0.01,0.2899038791656494,0.16763046383857727,0.9453125,0.04905015735998921
schedule,7001,39,0.01,0.2886260151863098,0.1696195751428604,0.94921875,0.04264344336202666
schedule,7001,40,0.01,0.28722935914993286,0.17116248607635498,0.94921875,0.0661390942125579
schedule,7001,41,0.005,0.28664106130599976,0.17164349555969238,0.94921875,0.05331340467384552
schedule,7001,42,0.005,0.28621548414230347,0.1718960404396057,0.94921875,0.04126502412130563
schedule,7001,43,0.005,0.28588956594467163,0.17200089991092682,0.9453125,0.036635729577099714
schedule,7001,44,0.005,0.2855459451675415,0.17199987173080444,0.94921875,0.03689007270691771
schedule,7001,45,0.005,0.2851868271827698,0.17193986475467682,0.94921875,0.03660529650267896
schedule,7001,46,0.005,0.2848420739173889,0.1718652993440628,0.953125,0.03602906979081107
schedule,7001,47,0.005,0.28449371457099915,0.17184586822986603,0.953125,0.03469040227314802
schedule,7001,48,0.005,0.28413838148117065,0.171901673078537,0.953125,0.0339789897218542
schedule,7001,49,0.005,0.2837858498096466,0.17205803096294403,0.953125,0.03339857008194715
schedule,7001,50,0.005,0.28343385457992554,0.1723349541425705,0.953125,0.032728180601026814
schedule,7001,51,0.005,0.28307488560676575,0.1727038025856018,0.953125,0.04318111380141221
schedule,7001,52,0.005,0.2826860249042511,0.17311736941337585,0.953125,0.04265342937220746
schedule,7001,53,0.005,0.28227442502975464,0.17352896928787231,0.953125,0.04241790682974725
schedule,7001,54,0.005,0.2818770706653595,0.17388036847114563,0.953125,0.03208496893133362
schedule,7001,55,0.005,0.28149327635765076,0.17414350807666779,0.953125,0.032023046470161666
schedule,7001,56,0.005,0.28113502264022827,0.17432855069637299,0.953125,0.029938758678336137
schedule,7001,57,0.005,0.280783087015152,0.17445683479309082,0.953125,0.029748012404002818
schedule,7001,58,0.005,0.2804429531097412,0.1745380312204361,0.953125,0.029200381419856244
schedule,7001,59,0.005,0.28013065457344055,0.1745937615633011,0.953125,0.02844447689216368
schedule,7001,60,0.005,0.27981072664260864,0.1746356189250946,0.953125,0.03163571192416781
schedule,7001,61,0.005,0.27949589490890503,0.17468276619911194,0.953125,0.03156827873296746
schedule,7001,62,0.005,0.2792019844055176,0.17475254833698273,0.953125,0.027163337857939774
schedule,7001,63,0.005,0.2789166271686554,0.17486098408699036,0.953125,0.0258869755170997
schedule,7001,64,0.005,0.27863258123397827,0.17499901354312897,0.953125,0.02554849063220687
schedule,7001,65,0.005,0.27834445238113403,0.17514163255691528,0.953125,0.025418944910681016
schedule,7001,66,0.005,0.27805423736572266,0.17526179552078247,0.953125,0.025227671484374832
schedule,7001,67,0.005,0.27776411175727844,0.17533251643180847,0.953125,0.025117938597558283
schedule,7001,68,0.005,0.2774723470211029,0.17532344162464142,0.953125,0.02509535849157654
schedule,7001,69,0.005,0.27717727422714233,0.17523221671581268,0.953125,0.02510561634180482
schedule,7001,70,0.005,0.27688068151474,0.17506879568099976,0.953125,0.025023324109682648
schedule,7001,71,0.005,0.27659016847610474,0.1748625934123993,0.953125,0.02439564979141486
schedule,7001,72,0.005,0.27630114555358887,0.17465361952781677,0.953125,0.023569717092167954
schedule,7001,73,0.005,0.27601146697998047,0.17447462677955627,0.953125,0.023505151191939317
schedule,7001,74,0.005,0.27572548389434814,0.17435230314731598,0.94921875,0.02351965176044541
schedule,7001,75,0.005,0.27545446157455444,0.17429305613040924,0.94921875,0.02289682864796799
schedule,7001,76,0.005,0.2751813530921936,0.17427772283554077,0.953125,0.028551762699556515
schedule,7001,77,0.005,0.2749094069004059,0.17429235577583313,0.953125,0.029848549810357245
schedule,7001,78,0.005,0.27464044094085693,0.1743261218070984,0.953125,0.02967422316991186
schedule,7001,79,0.005,0.2743698060512543,0.17439229786396027,0.953125,0.0240554120325637
schedule,7001,80,0.005,0.27409401535987854,0.1744668036699295,0.953125,0.02401997757374543
schedule,7001,81,0.0025,0.273957222700119,0.17448951303958893,0.953125,0.024017028271948206
schedule,7001,82,0.0025,0.2738207280635834,0.1745011806488037,0.953125,0.022454388983255417
schedule,7001,83,0.0025,0.27368253469467163,0.1745026707649231,0.953125,0.025787360393083096
schedule,7001,84,0.0025,0.27354729175567627,0.17449726164340973,0.953125,0.025209816370250673
schedule,7001,85,0.0025,0.27341195940971375,0.17448394000530243,0.953125,0.022747548492836337
schedule,7001,86,0.0025,0.2732754051685333,0.17447614669799805,0.953125,0.022750025089030842
schedule,7001,87,0.0025,0.27313482761383057,0.17447298765182495,0.953125,0.022752259695252283
schedule,7001,88,0.0025,0.27298450469970703,0.1744617521762848,0.953125,0.02618675687883429
schedule,7001,89,0.0025,0.27283141016960144,0.17442944645881653,0.953125,0.027115405573266162
schedule,7001,90,0.0025,0.27267205715179443,0.17438241839408875,0.953125,0.027152559230210805
schedule,7001,91,0.0025,0.27250826358795166,0.17432689666748047,0.953125,0.027174522438714203
schedule,7001,92,0.0025,0.2723437249660492,0.17426565289497375,0.953125,0.027137552950442435
schedule,7001,93,0.0025,0.2721797227859497,0.1741926670074463,0.953125,0.026424007493965153
schedule,7001,94,0.0025,0.27201274037361145,0.17411130666732788,0.953125,0.02567432450695762
schedule,7001,95,0.0025,0.2718428075313568,0.17402756214141846,0.953125,0.02562696792087893
schedule,7001,96,0.0025,0.2716703414916992,0.17394211888313293,0.953125,0.025582373282157483
schedule,7001,97,0.0025,0.2714954912662506,0.17385655641555786,0.953125,0.02554457469939563
schedule,7001,98,0.0025,0.27132025361061096,0.17377546429634094,0.953125,0.025518958093633862
schedule,7001,99,0.0025,0.2711445689201355,0.17372120916843414,0.953125,0.025261844224699622
schedule,7001,100,0.0025,0.27096834778785706,0.17368826270103455,0.953125,0.0252085047926485
schedule,7001,101,0.0025,0.2707902193069458,0.1736738681793213,0.953125,0.025196099479831313
schedule,7001,102,0.0025,0.2706124186515808,0.17367756366729736,0.953125,0.025220272853636375
schedule,7001,103,0.0025,0.270432710647583,0.17369943857192993,0.953125,0.02534113636596228
schedule,7001,104,0.0025,0.2702573239803314,0.17373761534690857,0.953125,0.025364134719205476
schedule,7001,105,0.0025,0.27008211612701416,0.17378968000411987,0.953125,0.024502490040768484
schedule,7001,106,0.0025,0.26990532875061035,0.17383041977882385,0.953125,0.024641169806709388
schedule,7001,107,0.0025,0.2697272300720215,0.17386046051979065,0.953125,0.024680971214615436
schedule,7001,108,0.0025,0.26955100893974304,0.1738816648721695,0.953125,0.024725246030520332
schedule,7001,109,0.0025,0.2693767547607422,0.17389614880084991,0.953125,0.025255868419123976
schedule,7001,110,0.0025,0.2692067325115204,0.17390763759613037,0.953125,0.024298259694697812
schedule,7001,111,0.0025,0.26903578639030457,0.17391368746757507,0.953125,0.024352712400629938
schedule,7001,112,0.0025,0.2688658535480499,0.173927441239357,0.953125,0.024282734855594634
schedule,7001,113,0.0025,0.26869359612464905,0.17394541203975677,0.953125,0.024426036949154933
schedule,7001,114,0.0025,0.2685227692127228,0.1739659309387207,0.953125,0.024461917393254626
schedule,7001,115,0.0025,0.26835116744041443,0.17398184537887573,0.953125,0.023935085292155864
schedule,7001,116,0.0025,0.2681775689125061,0.17397958040237427,0.953125,0.024198783075061465
schedule,7001,117,0.0025,0.2680031955242157,0.1739567667245865,0.953125,0.024248284658408715
schedule,7001,118,0.0025,0.26782751083374023,0.17392338812351227,0.953125,0.025454433122010723
schedule,7001,119,0.0025,0.26765066385269165,0.17385920882225037,0.953125,0.02432540092387131
schedule,7001,120,0.0025,0.2674723267555237,0.17377254366874695,0.953125,0.024506014723270936
schedule,7002,1,0.01,0.705508828163147,0.7630715370178223,0.37890625,0.7769871350794826
schedule,7002,2,0.01,0.6471112370491028,0.6908589601516724,0.6484375,0.6251334135519567
schedule,7002,3,0.01,0.5991270542144775,0.6301288604736328,0.6953125,0.53595860666867
schedule,7002,4,0.01,0.5578677654266357,0.5773674249649048,0.734375,0.4922046405863466
schedule,7002,5,0.01,0.5223104357719421,0.5310600996017456,0.734375,0.4492828505331824
schedule,7002,6,0.01,0.49167048931121826,0.4900986850261688,0.73828125,0.397054030563711
schedule,7002,7,0.01,0.46555274724960327,0.45437920093536377,0.74609375,0.34613218716041083
schedule,7002,8,0.01,0.4436645209789276,0.4231153428554535,0.76953125,0.2946499776396019
schedule,7002,9,0.01,0.42552459239959717,0.3956127166748047,0.85546875,0.24888753723215934
schedule,7002,10,0.01,0.41015559434890747,0.37163785099983215,0.89453125,0.21275434915773944
schedule,7002,11,0.01,0.39719653129577637,0.3502219319343567,0.90234375,0.1867773371956393
schedule,7002,12,0.01,0.3861094117164612,0.3307671546936035,0.9296875,0.16434885999906707
schedule,7002,13,0.01,0.3764922618865967,0.31284523010253906,0.9296875,0.14742683417338773
schedule,7002,14,0.01,0.36811208724975586,0.2963453531265259,0.94140625,0.13376773141877088
schedule,7002,15,0.01,0.3610260486602783,0.28134584426879883,0.953125,0.12098172157072803
schedule,7002,16,0.01,0.3548220992088318,0.26777100563049316,0.953125,0.10954264979073132
schedule,7002,17,0.01,0.349428653717041,0.2557814419269562,0.9453125,0.10124436159735326
schedule,7002,18,0.01,0.3448289632797241,0.24534446001052856,0.9453125,0.09030124407703552
schedule,7002,19,0.01,0.341033935546875,0.23621328175067902,0.953125,0.08173046307712638
schedule,7002,20,0.01,0.337859183549881,0.22824063897132874,0.953125,0.07666345440159586
schedule,7002,21,0.01,0.33507657051086426,0.22123481333255768,0.953125,0.07424512877396247
schedule,7002,22,0.01,0.332653284072876,0.21518638730049133,0.953125,0.07031799720117522
schedule,7002,23,0.01,0.3304038941860199,0.21001386642456055,0.953125,0.06845556935182656
schedule,7002,24,0.01,0.3282405734062195,0.20559050142765045,0.953125,0.06651257139341706
schedule,7002,25,0.01,0.32619908452033997,0.2016664296388626,0.953125,0.06341640302114987
schedule,7002,26,0.01,0.3243756592273712,0.19822537899017334,0.953125,0.059078239644863174
schedule,7002,27,0.01,0.32263046503067017,0.1953769326210022,0.953125,0.059227006499580355
schedule,7002,28,0.01,0.32088273763656616,0.19287052750587463,0.953125,0.054035932171854595
schedule,7002,29,0.01,0.31920304894447327,0.19063207507133484,0.953125,0.05007368744105784
schedule,7002,30,0.01,0.31762218475341797,0.18857933580875397,0.94921875,0.04664246427264784
schedule,7002,31,0.01,0.31608113646507263,0.18667840957641602,0.94921875,0.04543488529463668
schedule,7002,32,0.01,0.31456491351127625,0.1848810613155365,0.9453125,0.04711049795629625
schedule,7002,33,0.01,0.3131052851676941,0.18328355252742767,0.9453125,0.05210324963100741
schedule,7002,34,0.01,0.3117741644382477,0.1817426234483719,0.9453125,0.045581224801556394
schedule,7002,35,0.01,0.3103969693183899,0.18040499091148376,0.9453125,0.04665620493622797
schedule,7002,36,0.01,0.30898579955101013,0.17920534312725067,0.94921875,0.04641463886873521
schedule,7002,37,0.01,0.3076685667037964,0.17820650339126587,0.953125,0.04521011060904405
schedule,7002,38,0.01,0.306346595287323,0.17755138874053955,0.94921875,0.04590917334225216
schedule,7002,39,0.01,0.30509239435195923,0.1772674173116684,0.94921875,0.048405981474638385
schedule,7002,40,0.01,0.3039962947368622,0.17714382708072662,0.94921875,0.035961055353676406
schedule,7002,41,0.005,0.30343177914619446,0.1770687997341156,0.94921875,0.0387316797344309
schedule,7002,42,0.005,0.3028768002986908,0.17696408927440643,0.94921875,0.03837525111854209
schedule,7002,43,0.005,0.3023124039173126,0.17688530683517456,0.94921875,0.03613510943525855
schedule,7002,44,0.005,0.30173906683921814,0.17680735886096954,0.94921875,0.035867290566892404
schedule,7002,45,0.005,0.3011481463909149,0.1767149418592453,0.94921875,0.03493563104603149
schedule,7002,46,0.005,0.30054593086242676,0.17660240828990936,0.94921875,0.03470004621823845
schedule,7002,47,0.005,0.2999331057071686,0.17646600306034088,0.94921875,0.034145555593947954
schedule,7002,48,0.005,0.2993081212043762,0.17631195485591888,0.94921875,0.035434295725847643
schedule,7002,49,0.005,0.2988055348396301,0.17615804076194763,0.94921875,0.03389354649222497
schedule,7002,50,0.005,0.29835209250450134,0.17604900896549225,0.9453125,0.03722389971972658
schedule,7002,51,0.005,0.297882616519928,0.17599111795425415,0.9453125,0.037670690154416556
schedule,7002,52,0.005,0.29737332463264465,0.17593295872211456,0.9453125,0.037650877923048005
schedule,7002,53,0.005,0.296833336353302,0.17589132487773895,0.9453125,0.037305161558128276
schedule,7002,54,0.005,0.2962833642959595,0.17593109607696533,0.9453125,0.03765637227445982
schedule,7002,55,0.005,0.29582804441452026,0.17606180906295776,0.9453125,0.038593788235457636
schedule,7002,56,0.005,0.2953748106956482,0.17619484663009644,0.9453125,0.033432322504767395
schedule,7002,57,0.005,0.2949097454547882,0.17632251977920532,0.9453125,0.033249443176242816
schedule,7002,58,0.005,0.29442667961120605,0.17643389105796814,0.9453125,0.03384848581876815
schedule,7002,59,0.005,0.2939472198486328,0.1765296310186386,0.94921875,0.0318284681700694
schedule,7002,60,0.005,0.29346388578414917,0.17662359774112701,0.94921875,0.031168195101018648
schedule,7002,61,0.005,0.29301655292510986,0.1767178475856781,0.94921875,0.031067611436433176
schedule,7002,62,0.005,0.2924964725971222,0.17687368392944336,0.94921875,0.043150142586320495
schedule,7002,63,0.005,0.29202336072921753,0.1770138293504715,0.953125,0.031022480120820817
schedule,7002,64,0.005,0.29161563515663147,0.17712922394275665,0.953125,0.030272276216114787
schedule,7002,65,0.005,0.29121166467666626,0.17721198499202728,0.953125,0.03643797406726793
schedule,7002,66,0.005,0.2908637821674347,0.17728567123413086,0.953125,0.034071763100065156
schedule,7002,67,0.005,0.29042986035346985,0.17741484940052032,0.95703125,0.04243062711943044
schedule,7002,68,0.005,0.2900264859199524,0.1775694638490677,0.95703125,0.037418052917416685
schedule,7002,69,0.005,0.2896546721458435,0.1776549071073532,0.95703125,0.036961914555789496
schedule,7002,70,0.005,0.289279580116272,0.17764084041118622,0.953125,0.03387078756618245
schedule,7002,71,0.005,0.2889260947704315,0.17753487825393677,0.953125,0.034064601050269844
schedule,7002,72,0.005,0.28856170177459717,0.17743147909641266,0.953125,0.03820874531169538
schedule,7002,73,0.005,0.28818193078041077,0.17730802297592163,0.953125,0.03823352034813031
schedule,7002,74,0.005,0.2878219783306122,0.17710399627685547,0.953125,0.03072908421662114
schedule,7002,75,0.005,0.28748440742492676,0.17685949802398682,0.953125,0.03197612786115688
schedule,7002,76,0.005,0.28711768984794617,0.17659656703472137,0.953125,0.031058224468453154
schedule,7002,77,0.005,0.2867550253868103,0.17632146179676056,0.953125,0.03097384738723199
schedule,7002,78,0.005,0.2863937020301819,0.17597730457782745,0.953125,0.030112332527468907
schedule,7002,79,0.005,0.2859915494918823,0.17552021145820618,0.953125,0.0349735500849349
schedule,7002,80,0.005,0.285632461309433,0.17497314512729645,0.953125,0.03489012184793329
schedule,7002,81,0.0025,0.2854217290878296,0.17472299933433533,0.953125,0.043401236802296426
schedule,7002,82,0.0025,0.2851962447166443,0.17450690269470215,0.953125,0.043146962425618926
schedule,7002,83,0.0025,0.2849877178668976,0.17427119612693787,0.953125,0.03914873456049669
schedule,7002,84,0.0025,0.28477033972740173,0.17400380969047546,0.953125,0.03771577156768475
schedule,7002,85,0.0025,0.284542053937912,0.17371129989624023,0.953125,0.03755793427361032
schedule,7002,86,0.0025,0.2843185067176819,0.17343534529209137,0.953125,0.03673265045433779
schedule,7002,87,0.0025,0.28409770131111145,0.17319190502166748,0.953125,0.0419195336819573
schedule,7002,88,0.0025,0.2838881313800812,0.17297367751598358,0.953125,0.034753459712257975
schedule,7002,89,0.0025,0.2836603820323944,0.17277958989143372,0.953125,0.03462660231700636
schedule,7002,90,0.0025,0.2834159731864929,0.17260853946208954,0.953125,0.03462851130720452
schedule,7002,91,0.0025,0.28320568799972534,0.17246045172214508,0.953125,0.034613577819312756
schedule,7002,92,0.0025,0.28298619389533997,0.17229638993740082,0.953125,0.035548645169738734
schedule,7002,93,0.0025,0.2827892303466797,0.17213107645511627,0.953125,0.03218518907528365
schedule,7002,94,0.0025,0.28255319595336914,0.1719864308834076,0.953125,0.041842028838426644
schedule,7002,95,0.0025,0.28231877088546753,0.17183996737003326,0.953125,0.03591572657348001
schedule,7002,96,0.0025,0.28208059072494507,0.1716693937778473,0.953125,0.03794140135793489
schedule,7002,97,0.0025,0.28185492753982544,0.17150039970874786,0.953125,0.039316484831274603
schedule,7002,98,0.0025,0.28162524104118347,0.1713697612285614,0.953125,0.04432358647655587
schedule,7002,99,0.0025,0.28138747811317444,0.17125630378723145,0.953125,0.034004263233772716
schedule,7002,100,0.0025,0.2811558246612549,0.17114193737506866,0.953125,0.032767098464403024
schedule,7002,101,0.0025,0.2809182405471802,0.171030655503273,0.953125,0.0326108993433213
schedule,7002,102,0.0025,0.280712753534317,0.17092832922935486,0.95703125,0.03869143557449249
schedule,7002,103,0.0025,0.280465692281723,0.17084287106990814,0.95703125,0.04277761408976482
schedule,7002,104,0.0025,0.28022637963294983,0.17077888548374176,0.95703125,0.04493556684772069
schedule,7002,105,0.0025,0.27999401092529297,0.17068831622600555,0.95703125,0.03879046599193321
schedule,7002,106,0.0025,0.2797498404979706,0.1705731302499771,0.95703125,0.03885181502208619
schedule,7002,107,0.0025,0.2794959545135498,0.17045360803604126,0.95703125,0.04015335434379136
schedule,7002,108,0.0025,0.2792389690876007,0.17037242650985718,0.95703125,0.044608936750814704
schedule,7002,109,0.0025,0.2790217101573944,0.170326367020607,0.95703125,0.04449843012923598
schedule,7002,110,0.0025,0.27880367636680603,0.17026682198047638,0.95703125,0.033278944164694256
schedule,7002,111,0.0025,0.2785511016845703,0.17017164826393127,0.95703125,0.03910451325921677
schedule,7002,112,0.0025,0.27828076481819153,0.17003263533115387,0.95703125,0.039960293144233106
schedule,7002,113,0.0025,0.2780221104621887,0.16988390684127808,0.95703125,0.03363459285711163
schedule,7002,114,0.0025,0.2777778208255768,0.16975989937782288,0.95703125,0.03515410611899306
schedule,7002,115,0.0025,0.2775469720363617,0.16966001689434052,0.95703125,0.03520784593769673
schedule,7002,116,0.0025,0.27726396918296814,0.1696079522371292,0.95703125,0.04950409986142241
schedule,7002,117,0.0025,0.2770553231239319,0.16954822838306427,0.95703125,0.039709071178493996
schedule,7002,118,0.0025,0.2768227458000183,0.16944408416748047,0.95703125,0.03797227270244253
schedule,7002,119,0.0025,0.2765887975692749,0.16930444538593292,0.95703125,0.03815287995494898
schedule,7002,120,0.0025,0.27632489800453186,0.16916367411613464,0.95703125,0.03863782986744446
schedule,7003,1,0.01,0.5161089301109314,0.5175907611846924,0.71484375,0.5624591206971568
schedule,7003,2,0.01,0.4804384708404541,0.48205018043518066,0.7265625,0.41409769856108775
schedule,7003,3,0.01,0.45530933141708374,0.4558400511741638,0.74609375,0.3011758715151659
schedule,7003,4,0.01,0.43742579221725464,0.43597230315208435,0.7578125,0.2256998239367332
schedule,7003,5,0.01,0.4245074689388275,0.4205743670463562,0.76953125,0.16729291494551995
schedule,7003,6,0.01,0.4147448241710663,0.4077230989933014,0.7734375,0.13944692093675293
schedule,7003,7,0.01,0.40688684582710266,0.3960709869861603,0.7890625,0.130815324423755
schedule,7003,8,0.01,0.39995160698890686,0.38513636589050293,0.8046875,0.13037262607707092
schedule,7003,9,0.01,0.39310768246650696,0.37413185834884644,0.828125,0.1357900459615601
schedule,7003,10,0.01,0.38612228631973267,0.3625934422016144,0.84765625,0.13860233960907262
schedule,7003,11,0.01,0.37895023822784424,0.3502861261367798,0.85546875,0.13617986804099866
schedule,7003,12,0.01,0.37171077728271484,0.3373851776123047,0.859375,0.12914117382933415
schedule,7003,13,0.01,0.36467403173446655,0.3241625428199768,0.87890625,0.12123760058205443
schedule,7003,14,0.01,0.35804739594459534,0.31081435084342957,0.88671875,0.11029107437251456
schedule,7003,15,0.01,0.35192298889160156,0.29750603437423706,0.890625,0.10166922221036008
schedule,7003,16,0.01,0.34645789861679077,0.2845201790332794,0.9140625,0.09311189197283501
schedule,7003,17,0.01,0.34168556332588196,0.2722925841808319,0.92578125,0.0846640498395314
schedule,7003,18,0.01,0.33755406737327576,0.26109182834625244,0.921875,0.07870652147801101
schedule,7003,19,0.01,0.3340616822242737,0.25104039907455444,0.93359375,0.07717747451660072
schedule,7003,20,0.01,0.3310345411300659,0.24210883677005768,0.9375,0.07997621073852727
schedule,7003,21,0.01,0.327928364276886,0.23402409255504608,0.9375,0.08498016846209787
schedule,7003,22,0.01,0.324770987033844,0.22661520540714264,0.9375,0.09373872442039781
schedule,7003,23,0.01,0.32163307070732117,0.2198251485824585,0.9453125,0.0958546490718004
schedule,7003,24,0.01,0.3185761570930481,0.21384257078170776,0.9453125,0.08869906602124929
schedule,7003,25,0.01,0.31559914350509644,0.20887082815170288,0.9375,0.08046216027394261
schedule,7003,26,0.01,0.3126397430896759,0.2049988955259323,0.93359375,0.07705811608152217
schedule,7003,27,0.01,0.3101167678833008,0.20223049819469452,0.9375,0.06716037851798214
schedule,7003,28,0.01,0.3081539571285248,0.2002156674861908,0.9375,0.05649794181056723
schedule,7003,29,0.01,0.30661487579345703,0.19852633774280548,0.93359375,0.055251038211263565
schedule,7003,30,0.01,0.30537325143814087,0.19680139422416687,0.93359375,0.060576290632862295
schedule,7003,31,0.01,0.30412644147872925,0.19484880566596985,0.9375,0.0613858276055438
schedule,7003,32,0.01,0.3027009665966034,0.19258052110671997,0.93359375,0.06210043300824679
schedule,7003,33,0.01,0.30125367641448975,0.19021978974342346,0.94140625,0.057716184377530566
schedule,7003,34,0.01,0.2999374270439148,0.18806934356689453,0.94140625,0.05011976636129271
schedule,7003,35,0.01,0.29875171184539795,0.18637606501579285,0.94140625,0.04668867928303749
schedule,7003,36,0.01,0.2976126968860626,0.18513041734695435,0.94140625,0.04881146914303447
schedule,7003,37,0.01,0.29645010828971863,0.18432238698005676,0.94140625,0.04967547016622907
schedule,7003,38,0.01,0.2951740324497223,0.18384616076946259,0.94140625,0.05227893051672218
schedule,7003,39,0.01,0.2938324809074402,0.18365824222564697,0.94140625,0.04909100073604327
schedule,7003,40,0.01,0.29250529408454895,0.18364635109901428,0.94140625,0.04324433925080515
schedule,7003,41,0.005,0.2918643355369568,0.18368062376976013,0.9375,0.03818259157290048
schedule,7003,42,0.005,0.2912277281284332,0.18370278179645538,0.93359375,0.03712735377911027
schedule,7003,43,0.005,0.2906114161014557,0.18368037045001984,0.93359375,0.0367168810931878
schedule,7003,44,0.005,0.29005810618400574,0.18361173570156097,0.9375,0.0369983460539809
schedule,7003,45,0.005,0.2894849181175232,0.18351295590400696,0.9375,0.03588823735653651
schedule,7003,46,0.005,0.2889065742492676,0.1833650916814804,0.9375,0.03647346752124009
schedule,7003,47,0.005,0.2883453965187073,0.183135986328125,0.9375,0.03571581077129332
schedule,7003,48,0.005,0.2877664864063263,0.18285110592842102,0.94140625,0.03540574962752681
schedule,7003,49,0.005,0.28718167543411255,0.18254072964191437,0.94140625,0.034950202767190124
schedule,7003,50,0.005,0.2866635024547577,0.1822795569896698,0.94140625,0.03494552260378072
schedule,7003,51,0.005,0.2861608564853668,0.18204250931739807,0.94140625,0.032577709012043606
schedule,7003,52,0.005,0.28568169474601746,0.18183746933937073,0.94140625,0.03237705791066519
schedule,7003,53,0.005,0.2851684093475342,0.18166732788085938,0.94140625,0.041107503036388576
schedule,7003,54,0.005,0.2846306562423706,0.18155640363693237,0.94140625,0.0413516075508626
schedule,7003,55,0.005,0.2840852439403534,0.18153604865074158,0.94921875,0.0340005581983387
schedule,7003,56,0.005,0.2835032641887665,0.18160679936408997,0.94921875,0.03460772198669696
schedule,7003,57,0.005,0.2829078733921051,0.18175522983074188,0.94921875,0.0351863637965846
schedule,7003,58,0.005,0.28246432542800903,0.18203258514404297,0.94921875,0.0360307226469498
schedule,7003,59,0.005,0.28202348947525024,0.1824600100517273,0.94921875,0.03909442455801872
schedule,7003,60,0.005,0.28154242038726807,0.18298529088497162,0.9453125,0.0382445893434801
schedule,7003,61,0.005,0.2810530364513397,0.18349923193454742,0.9453125,0.035642808771932384
schedule,7003,62,0.005,0.2805638313293457,0.18392594158649445,0.9453125,0.036606071291721554
schedule,7003,63,0.005,0.2800593674182892,0.18414904177188873,0.9453125,0.03692624600957484
schedule,7003,64,0.005,0.279535710811615,0.18416671454906464,0.9453125,0.03702797579950415
schedule,7003,65,0.005,0.27898770570755005,0.18405090272426605,0.9453125,0.03689170485186552
schedule,7003,66,0.005,0.27854984998703003,0.18383382260799408,0.9453125,0.035742958853746544
schedule,7003,67,0.005,0.27811700105667114,0.18346717953681946,0.9453125,0.0342076626940175
schedule,7003,68,0.005,0.2776651084423065,0.18301747739315033,0.9453125,0.03293929040089165
schedule,7003,69,0.005,0.2772359549999237,0.18256255984306335,0.94921875,0.032970509180890194
schedule,7003,70,0.005,0.2767728567123413,0.18221141397953033,0.94921875,0.033083336885197503
schedule,7003,71,0.005,0.27627578377723694,0.1819983273744583,0.94921875,0.03473320122329478
schedule,7003,72,0.005,0.27576518058776855,0.1820291131734848,0.94921875,0.04080829814832158
schedule,7003,73,0.005,0.27525612711906433,0.18219558894634247,0.94921875,0.03944052159269978
schedule,7003,74,0.005,0.2747481167316437,0.18238714337348938,0.9453125,0.034144826752860694
schedule,7003,75,0.005,0.2742883861064911,0.18255463242530823,0.9453125,0.03506528935158726
schedule,7003,76,0.005,0.2738358974456787,0.18264667689800262,0.94921875,0.0348819069752175
schedule,7003,77,0.005,0.2734954059123993,0.18267822265625,0.94921875,0.035675909745390665
schedule,7003,78,0.005,0.2731614410877228,0.18271104991436005,0.94921875,0.03708735089589318
schedule,7003,79,0.005,0.2728224992752075,0.1826976239681244,0.94921875,0.037159149461024804
schedule,7003,80,0.005,0.2724793553352356,0.18249353766441345,0.94921875,0.03706082883962854
schedule,7003,81,0.0025,0.27227482199668884,0.1823151409626007,0.94921875,0.03704346490394912
schedule,7003,82,0.0025,0.2720378041267395,0.18203158676624298,0.94921875,0.03939252185314972
schedule,7003,83,0.0025,0.2717977464199066,0.18169483542442322,0.94921875,0.03633052478078715
schedule,7003,84,0.0025,0.2715660631656647,0.18135765194892883,0.94921875,0.03535563863509974
schedule,7003,85,0.0025,0.27133458852767944,0.1810159832239151,0.94921875,0.03676213195871118
schedule,7003,86,0.0025,0.27108654379844666,0.1807202249765396,0.94921875,0.03663630107695696
schedule,7003,87,0.0025,0.27084288001060486,0.18043473362922668,0.94921875,0.035777805531740564
schedule,7003,88,0.0025,0.2706088423728943,0.1801280826330185,0.94921875,0.0353270048031955
schedule,7003,89,0.0025,0.2704688310623169,0.17981486022472382,0.94921875,0.03360223796869762
schedule,7003,90,0.0025,0.2703048884868622,0.1794986128807068,0.94921875,0.03523757699027
schedule,7003,91,0.0025,0.2701209485530853,0.17918892204761505,0.94921875,0.03493077686782495
schedule,7003,92,0.0025,0.26996660232543945,0.17892765998840332,0.94921875,0.0347834529362543
schedule,7003,93,0.0025,0.2697945237159729,0.1787506490945816,0.94921875,0.03663614860173652
schedule,7003,94,0.0025,0.26959753036499023,0.17859968543052673,0.94921875,0.037124716262886485
schedule,7003,95,0.0025,0.2693769335746765,0.17850013077259064,0.9453125,0.03778108099704698
schedule,7003,96,0.0025,0.2691479027271271,0.17839527130126953,0.9453125,0.03681202494366328
schedule,7003,97,0.0025,0.2689473032951355,0.17827855050563812,0.9453125,0.033967027097339314
schedule,7003,98,0.0025,0.2687618136405945,0.17818552255630493,0.9453125,0.03334964815290411
schedule,7003,99,0.0025,0.26859134435653687,0.17812365293502808,0.9453125,0.032840461538226624
schedule,7003,100,0.0025,0.2684222459793091,0.17808040976524353,0.94921875,0.032680730161072105
schedule,7003,101,0.0025,0.26826101541519165,0.17801101505756378,0.94921875,0.03357489141639515
schedule,7003,102,0.0025,0.26807859539985657,0.17795330286026,0.94921875,0.03320369644365762
schedule,7003,103,0.0025,0.2678692042827606,0.1778583526611328,0.94921875,0.035735562783511726
schedule,7003,104,0.0025,0.26767629384994507,0.17771348357200623,0.94921875,0.03519686224192439
schedule,7003,105,0.0025,0.2674861252307892,0.17758823931217194,0.94921875,0.03444990331326954
schedule,7003,106,0.0025,0.2673260271549225,0.1774318367242813,0.94921875,0.03456629971167434
schedule,7003,107,0.0025,0.26712891459465027,0.1772533655166626,0.94921875,0.034606870283467546
schedule,7003,108,0.0025,0.2669222950935364,0.17706498503684998,0.94921875,0.034460233943540766
schedule,7003,109,0.0025,0.26674073934555054,0.17684081196784973,0.94921875,0.036188967247176636
schedule,7003,110,0.0025,0.2665630578994751,0.17664140462875366,0.94921875,0.033251057965078525
schedule,7003,111,0.0025,0.2663958668708801,0.1764526665210724,0.94921875,0.03675179179961698
schedule,7003,112,0.0025,0.26621192693710327,0.1763792783021927,0.94921875,0.03450101909405565
schedule,7003,113,0.0025,0.2660329341888428,0.17638996243476868,0.94921875,0.03596735354307705
schedule,7003,114,0.0025,0.26586952805519104,0.17641094326972961,0.94921875,0.03239931789461332
schedule,7003,115,0.0025,0.26568418741226196,0.1763860136270523,0.94921875,0.035280322876338914
schedule,7003,116,0.0025,0.2655164301395416,0.17631998658180237,0.94921875,0.03665385214116012
schedule,7003,117,0.0025,0.26535308361053467,0.17630888521671295,0.94921875,0.035843954749673154
schedule,7003,118,0.0025,0.2651738226413727,0.17631681263446808,0.94921875,0.03182634939353794
schedule,7003,119,0.0025,0.26499149203300476,0.17628204822540283,0.94921875,0.031980387048176594
schedule,7003,120,0.0025,0.2648109495639801,0.17623931169509888,0.94921875,0.030918694037252368
